{
    "0TP3IjFNYYImarAK7XtH": {},
    "48Qv7BE4iBDjMjH45wdw": {
        "docId": "None",
        "data": {
            "Average fcrAverage": 6.26,
            "Average weight": 468.03,
            "date": "2025-05-14",
            "Average totalWeightGained": 124.69,
            "Average adgLatest": 0.2,
            "Average adgAverage": 0.61
        }
    },
    "7sHa8Y3sEDUdoPx6noaV": {},
    "BWIUVZmuj21eNBAd0d8K": {},
    "DHtl9aTOhM1p5vUqRThq": {
        "docId": "None",
        "data": {
            "Average fcrAverage": 6.37,
            "Average weight": 403.6,
            "Average totalWeightGained": 74.42,
            "date": "2025-03-24",
            "Average adgLatest": 0.32,
            "Average adgAverage": 0.41
        }
    },
    "Dl7u4syN64x4PsTOU7W0": {
        "docId": "None",
        "data": {
            "Average fcrAverage": 22.31,
            "Average weight": 462.05,
            "Average totalWeightGained": 90.83,
            "date": "2024-12-08",
            "Average adgLatest": 0.56,
            "Average adgAverage": 0.9
        }
    },
    "EHt5HyjuSAyio6D9D7R3": {
        "docId": "None",
        "data": {
            "Average fcrAverage": 6.26,
            "Average weight": 468.03,
            "date": "2025-05-31",
            "Average totalWeightGained": 124.69,
            "Average adgLatest": 0.2,
            "Average adgAverage": 0.61
        }
    },
    "F6tAyBxnFoskWKjf13O0": {
        "docId": "None",
        "data": {
            "Average fcrAverage": 6.92,
            "Average weight": 478.79,
            "date": "2025-05-04",
            "Average totalWeightGained": 137.81,
            "Average adgLatest": 0.22,
            "Average adgAverage": 0.67
        }
    },
    "GuTti7jZnCJzofJNXX6m": {
        "docId": "None",
        "data": {
            "Average fcrAverage": 1043.64,
            "Average weight": 506.95,
            "Average totalWeightGained": 141.72,
            "date": "2025-01-17",
            "Average adgLatest": 1.28,
            "Average adgAverage": 0.97
        }
    },
    "H7xyzLaM7dr3Xo9Jwvj1": {
        "docId": "None",
        "data": {
            "Average fcrAverage": 18.9,
            "Average weight": 368.76,
            "Average totalWeightGained": 69.19,
            "date": "2024-12-18",
            "Average adgLatest": 0.51,
            "Average adgAverage": 0.71
        }
    },
    "JaMC8bRzyJCV9dmnRFjt": {
        "docId": "None",
        "data": {
            "Average fcrAverage": 5.72,
            "Average weight": 461.29,
            "date": "2025-05-31",
            "Average totalWeightGained": 113.85,
            "Average adgLatest": 0.18,
            "Average adgAverage": 0.55
        }
    },
    "KI75RMJHV4gRMsrg6zuO": {},
    "LdwZP0ygh7LgSjaDXfdR": {
        "docId": "None",
        "data": {
            "Average fcrAverage": 5.26,
            "Average weight": 465.47,
            "date": "2025-05-31",
            "Average totalWeightGained": 104.75,
            "Average adgLatest": 0.16,
            "Average adgAverage": 0.51
        }
    },
    "MipkJQ0BVdwdE4EF1zHJ": {
        "docId": "None",
        "data": {
            "Average fcrAverage": 6.37,
            "Average weight": 403.6,
            "Average totalWeightGained": 74.42,
            "date": "2025-04-04",
            "Average adgLatest": 0.32,
            "Average adgAverage": 0.41
        }
    },
    "NXDUYsjVqxQOczO1LmUu": {
        "docId": "None",
        "data": {
            "Average fcrAverage": 6.37,
            "Average weight": 403.6,
            "Average totalWeightGained": 74.42,
            "date": "2025-03-10",
            "Average adgLatest": 0.32,
            "Average adgAverage": 0.41
        }
    },
    "NblfZ5SXMW3iBX7jVsXg": {
        "docId": "None",
        "data": {
            "Average fcrAverage": 6.92,
            "Average weight": 478.79,
            "date": "2025-05-12",
            "Average totalWeightGained": 137.81,
            "Average adgLatest": 0.22,
            "Average adgAverage": 0.67
        }
    },
    "Of2JsanPb2JkjJ7y1dRw": {},
    "TcrIqQHN1JcSY9DtOfYp": {
        "docId": "None",
        "data": {
            "Average fcrAverage": 6.92,
            "Average weight": 478.79,
            "date": "2025-04-19",
            "Average totalWeightGained": 137.81,
            "Average adgLatest": 0.22,
            "Average adgAverage": 0.67
        }
    },
    "VE5rdzdeRepag2LIS3Bp": {},
    "VSHiZXUjCjCO0FD31suz": {
        "docId": "None",
        "data": {
            "Average fcrAverage": 14.53,
            "Average weight": 534.76,
            "Average totalWeightGained": 169.54,
            "date": "2025-02-06",
            "Average adgLatest": 0.82,
            "Average adgAverage": 1.0
        }
    },
    "WLqAUAc5MBJrZ69V2nWw": {
        "docId": "None",
        "data": {
            "Average fcrAverage": 6.92,
            "Average weight": 478.79,
            "date": "2025-04-29",
            "Average totalWeightGained": 137.81,
            "Average adgLatest": 0.22,
            "Average adgAverage": 0.67
        }
    },
    "WsqakmLnPaexj3so7fkd": {},
    "ZP2nkJweZIW73EpZfVep": {
        "docId": "None",
        "data": {
            "Average fcrAverage": 6.37,
            "Average weight": 403.6,
            "Average totalWeightGained": 74.42,
            "date": "2025-03-30",
            "Average adgLatest": 0.32,
            "Average adgAverage": 0.41
        }
    },
    "a8KLQ8jLQaGR2mPn0rMm": {},
    "aCV7IhIVGO6adQ3bZopT": {
        "docId": "None",
        "data": {
            "Average fcrAverage": 6.37,
            "Average weight": 403.6,
            "Average totalWeightGained": 74.42,
            "date": "2025-04-09",
            "Average adgLatest": 0.32,
            "Average adgAverage": 0.41
        }
    },
    "d34HFWbUfaPFkY0Af98t": {
        "docId": "None",
        "data": {
            "Average fcrAverage": 1043.64,
            "Average weight": 506.95,
            "Average totalWeightGained": 141.72,
            "date": "2025-01-17",
            "Average adgLatest": 1.28,
            "Average adgAverage": 0.97
        }
    },
    "df5Q9bdfo6J4WHAqpMWU": {
        "docId": "None",
        "data": {
            "Average fcrAverage": 6.37,
            "Average weight": 403.6,
            "Average totalWeightGained": 74.42,
            "date": "2025-02-22",
            "Average adgLatest": 0.32,
            "Average adgAverage": 0.41
        }
    },
    "eSfDOwRzr6NDGXF7RLnV": {
        "docId": "None",
        "data": {
            "Average fcrAverage": 9.55,
            "Average weight": 455.3,
            "Average totalWeightGained": 111.63,
            "date": "2025-02-16",
            "Average adgLatest": 0.47,
            "Average adgAverage": 0.62
        }
    },
    "gAnuopuoK8CUZos43Pq3": {
        "docId": "None",
        "data": {
            "Average fcrAverage": 6.37,
            "Average weight": 403.6,
            "Average totalWeightGained": 74.42,
            "date": "2025-03-13",
            "Average adgLatest": 0.32,
            "Average adgAverage": 0.41
        }
    },
    "gCee02BTDcSZdB4ifDXp": {},
    "iWOMNi6xI09DEVtDvm00": {
        "docId": "None",
        "data": {
            "Average fcrAverage": 6.37,
            "Average weight": 403.6,
            "Average totalWeightGained": 74.42,
            "date": "2025-03-20",
            "Average adgLatest": 0.32,
            "Average adgAverage": 0.41
        }
    },
    "j819CWfmoa6rkDHBCziI": {
        "docId": "None",
        "data": {
            "Average fcrAverage": 6.37,
            "Average weight": 403.6,
            "date": "2025-04-14",
            "Average totalWeightGained": 74.42,
            "Average adgLatest": 0.32,
            "Average adgAverage": 0.41
        }
    },
    "lF9bNsk6h9ImwAzbqw8v": {
        "docId": "None",
        "data": {
            "Average fcrAverage": 18.9,
            "Average weight": 368.76,
            "Average totalWeightGained": 69.19,
            "date": "2024-12-28",
            "Average adgLatest": 0.51,
            "Average adgAverage": 0.71
        }
    },
    "mgrBznl5uJMpP4dra2dK": {
        "docId": "None",
        "data": {
            "Average fcrAverage": 5.98,
            "Average weight": 462.89,
            "date": "2025-05-14",
            "Average totalWeightGained": 119.02,
            "Average adgLatest": 0.19,
            "Average adgAverage": 0.58
        }
    },
    "odwYfKk5ZmhiJ1tUS98R": {
        "docId": "None",
        "data": {
            "Average fcrAverage": 13.63,
            "Average weight": 526.52,
            "Average totalWeightGained": 161.31,
            "date": "2025-01-27",
            "Average adgLatest": 1.96,
            "Average adgAverage": 1.03
        }
    },
    "oqAB88nSiZqSmQhnWAfx": {},
    "qLrvbByApDi4auBzrT7P": {},
    "rVvz90A9MTNp5eqj5Tmi": {
        "docId": "None",
        "data": {
            "Average fcrAverage": 6.37,
            "Average weight": 403.6,
            "Average totalWeightGained": 74.42,
            "date": "2025-02-28",
            "Average adgLatest": 0.32,
            "Average adgAverage": 0.41
        }
    },
    "rXC59UuWYPskwxpXphjW": {
        "docId": "None",
        "data": {
            "Average fcrAverage": 22.31,
            "Average weight": 462.05,
            "Average totalWeightGained": 90.83,
            "date": "2024-11-28",
            "Average adgLatest": 0.56,
            "Average adgAverage": 0.9
        }
    },
    "rx7tEeVPO6D7Y8FGk4w0": {
        "docId": "None",
        "data": {
            "Average fcrAverage": 8.2,
            "Average weight": 494.14,
            "Average totalWeightGained": 128.97,
            "date": "2025-01-07",
            "Average adgLatest": 0.05,
            "Average adgAverage": 0.93
        }
    },
    "t5maG2Io6OZg0ikB1Cd8": {
        "docId": "None",
        "data": {
            "Average fcrAverage": 6.37,
            "Average weight": 403.6,
            "date": "2025-04-09",
            "Average totalWeightGained": 74.42,
            "Average adgLatest": 0.32,
            "Average adgAverage": 0.41
        }
    },
    "tnXKaBalnMfCI47LMsH8": {
        "docId": "None",
        "data": {
            "Average fcrAverage": 6.37,
            "Average weight": 403.6,
            "date": "2025-04-09",
            "Average totalWeightGained": 74.42,
            "Average adgLatest": 0.32,
            "Average adgAverage": 0.41
        }
    },
    "uA20EbbePiuOeNU4aOz6": {
        "docId": "None",
        "data": {
            "Average fcrAverage": 6.26,
            "Average weight": 468.03,
            "date": "2025-05-22",
            "Average totalWeightGained": 124.69,
            "Average adgLatest": 0.2,
            "Average adgAverage": 0.61
        }
    },
    "uCmizPspUWcLfyu1NyI7": {
        "docId": "None",
        "data": {
            "Average fcrAverage": 6.37,
            "Average weight": 403.6,
            "date": "2025-04-10",
            "Average totalWeightGained": 74.42,
            "Average adgLatest": 0.32,
            "Average adgAverage": 0.41
        }
    },
    "uGxy1H18R1MeXE8wyGoe": {
        "docId": "None",
        "data": {
            "Average fcrAverage": 9.55,
            "Average weight": 455.3,
            "Average totalWeightGained": 111.63,
            "date": "2025-02-16",
            "Average adgLatest": 0.47,
            "Average adgAverage": 0.62
        }
    },
    "uMH2Svi7nA5zsdjrvKhD": {
        "docId": "None",
        "data": {
            "Average fcrAverage": 6.37,
            "Average weight": 403.6,
            "Average totalWeightGained": 74.42,
            "date": "2025-03-04",
            "Average adgLatest": 0.32,
            "Average adgAverage": 0.41
        }
    },
    "wy9IOPnwVz3pka7elS6J": {
        "Average fcrAverage": 6.92,
        "Average weight": 478.79,
        "date": "2025-04-18",
        "Average totalWeightGained": 137.81,
        "Average adgLatest": 0.22,
        "Average adgAverage": 0.67
    },
    "x5WfPbJoZltaEB7fWAct": {
        "docId": "None",
        "data": {
            "Average fcrAverage": 5.72,
            "Average weight": 461.29,
            "date": "2025-05-24",
            "Average totalWeightGained": 113.85,
            "Average adgLatest": 0.18,
            "Average adgAverage": 0.55
        }
    },
    "xitokYdVxXSvWoBPj8xT": {},
    "y0Ys53fwJT3x46nZOSsf": {},
    "zUAxzoleV63D3u2dle2z": {
        "docId": "None",
        "data": {
            "Average fcrAverage": 6.92,
            "Average weight": 478.79,
            "date": "2025-04-24",
            "Average totalWeightGained": 137.81,
            "Average adgLatest": 0.22,
            "Average adgAverage": 0.67
        }
    }
}