{
    "KC51sJ30yRPUgRKZsvoI": {
        "Average adgSecondLatest": 0.52,
        "Average backHeight": 34.28,
        "Average purchasingPrice": 19502400.01,
        "Average adgLatest": 0.16,
        "Total originWeight": 10046.0,
        "Average entryDate": "2024-12-08",
        "Total backHeight": 902.0,
        "Average bodyLength": 56.46,
        "Total shrinkage": 687.0,
        "Total adgAverage": 13.49,
        "Total fcrAverage": 138.22,
        "Breakdown farm": {
            "KC51sJ30yRPUgRKZsvoI": "6"
        },
        "Breakdown typeOfOrigin": {
            "Market": "13",
            "Farm": "12"
        },
        "feedRationUpdateDate": "2025-05-24",
        "Total weight": 12115.3,
        "Total rumpWidth": 245.0,
        "Total fcrLatest": 69.51,
        "rationDetails": {
            "Silase JagungPerDay": 705.0,
            "RumputPerDay": 1037.0,
            "Slobber MixPerDay": 128.7,
            "Ampas TahuPerDay": 398.0,
            "dryMatterIntakePerDay": 225.54
        },
        "Total totalMedicalCost": 0.0,
        "Total totalWeightGained": 2756.3,
        "Breakdown rationDetailsUpdateDate": {
            "2025-04-25": "1",
            "2025-05-13": "1",
            "2025-04-27": "1",
            "2025-05-08": "1",
            "2025-05-24": "1"
        },
        "Average hipHeight": 56.81,
        "totalFeedConsumption": {},
        "Breakdown breed": {
            "Simental": "7",
            "--": "2",
            "Limousin X": "1",
            "Limousin": "14",
            "BX x Simental": "1"
        },
        "Total adgLatest": 4.81,
        "Average fcrAverage": 5.26,
        "Total purchasingPriceKgEntry": 1365527.66,
        "Total withersHeight": 1443.0,
        "Average totalMedicalCost": 0.0,
        "Average date": "2025-01-02",
        "Average totalWeightGained": 104.75,
        "Average fcrLatest": 2.65,
        "Total adgSecondLatest": 13.62,
        "Total cannonBoneCircumference": 150.0,
        "numberOfCows": "25",
        "Average rumpWidth": 9.32,
        "Breakdown origin": {
            "Bandung, Diwek, Jombang, Jawa Timur": "8",
            "Tjoekir, Jombang, Jawa Timur": "1",
            "Jombang Kota": "1",
            "Warujaeng, Nganjuk, Jawa Timur": "4",
            "--": "4",
            "Guyangan, Nganjuk, Jawa Timur": "7"
        },
        "Total purchasingPrice": 505900000.0,
        "Average estimatedWeight": 398.65,
        "Average chestDepth": 15.35,
        "Average adgAverage": 0.51,
        "Average weight": 465.47,
        "Total bodyLength": 1486.0,
        "Breakdown lastWeighing": {
            "2025-05-24": "2",
            "2025-05-13": "1",
            "2025-05-08": "1",
            "2025-04-25": "1",
            "2025-04-27": "1",
            "2025-02-16": "1",
            "2025-02-12": "7",
            "2024-10-19": "11"
        },
        "Total hipHeight": 1495.0,
        "Total entryWeight": 9359.0,
        "Total estimatedWeight": 10357.0,
        "Average rationDetailsUpdateDate": "2025-05-24",
        "Average entryWeight": 360.71,
        "Total purchasingPriceKg": 1264606.19,
        "Average topline": 69.47,
        "Average purchasingPriceKgEntry": 52557.1,
        "Total topline": 1828.0,
        "Average cannonBoneCircumference": 5.69,
        "Average shrinkage": 26.21,
        "Average bodyDepth": 39.02,
        "Average originWeight": 386.93,
        "Total bodyDepth": 1027.0,
        "Average withersHeight": 54.84,
        "Total chestDepth": 404.0,
        "Breakdown date": {
            "2024-09-22": "11",
            "2025-05-14": "2",
            "2025-02-16": "8",
            "2025-06-05": "4"
        },
        "Average purchasingPriceKg": 48700.33,
        "Breakdown entryDate": {
            "2024-08-04": "1",
            "2024-07-25": "2",
            "2025-04-27": "1",
            "2025-02-12": "7",
            "2024-08-23": "1",
            "2025-05-24": "2",
            "2025-05-13": "1",
            "2024-08-22": "1",
            "2025-05-08": "1",
            "2025-04-25": "1",
            "2024-08-18": "2",
            "2024-07-30": "2",
            "2025-02-16": "1",
            "2024-08-24": "2"
        }
    }
}