{
    "8gbYwc19Uym8pYkzdDE0": {
        "purchasingPriceKgEntry": 49651.16,
        "salesPrice": "None",
        "estimatedWeight": 448.5,
        "shrinkage": "10",
        "salesDate": "2024-11-27",
        "adgLatest": 0.35,
        "purchasingPrice": "21350000",
        "bodyDepth": "141",
        "lastWeighing": "2024-10-19",
        "fcrLatest": 2.82,
        "entryDate": "2024-07-30",
        "typeOfOrigin": "Market",
        "totalSales": "None",
        "backHeight": "133",
        "targetDaysOnFeed": "120",
        "topline": "157",
        "rationDetailsUpdateDate": "2025-01-07",
        "daysOnFeed": "61",
        "adgAverage": 0.5,
        "purchasingPriceKg": 48522.73,
        "docId": "8gbYwc19Uym8pYkzdDE0",
        "cannonBoneCircumference": "21",
        "weight": 510.5,
        "withersHeight": "133",
        "rationDetails": [
            {
                "asFedIntakePerCow": 11.81,
                "dryMatterIntakePerCow": 3.54,
                "rationDetails": [],
                "asFedIntake": 47.26,
                "dryMatterIntake": 14.18,
                "docId": "HXGuvlN5pRys0mSjCQoL",
                "name": "Silase Jagung"
            },
            {
                "asFedIntakePerCow": 18.35,
                "dryMatterIntakePerCow": 8.27,
                "rationDetails": [
                    {
                        "name": "Ampas Tahu",
                        "dryMatterIntakePerCow": 1.71,
                        "rationDetails": "None",
                        "asFedIntake": 42.7,
                        "dryMatterIntake": 6.83,
                        "docId": "ZABCrwJi90G8nJvgBmue",
                        "asFedIntakePerCow": 10.67
                    },
                    {
                        "name": "Konsentrat",
                        "dryMatterIntakePerCow": 6.25,
                        "rationDetails": "None",
                        "asFedIntake": 28.46,
                        "dryMatterIntake": 25.02,
                        "docId": "I78aACcNNdL42ISUeJt9",
                        "asFedIntakePerCow": 7.12
                    },
                    {
                        "name": "Premix",
                        "dryMatterIntakePerCow": 0.03,
                        "rationDetails": "None",
                        "asFedIntake": 0.12,
                        "dryMatterIntake": 0.12,
                        "docId": "yRWJ9tpm55LsqNou3MXY",
                        "asFedIntakePerCow": 0.03
                    },
                    {
                        "name": "Mollases",
                        "dryMatterIntakePerCow": 0.08,
                        "rationDetails": "None",
                        "asFedIntake": 0.48,
                        "dryMatterIntake": 0.34,
                        "docId": "XLr6lgnlGYhOgjCG4nxR",
                        "asFedIntakePerCow": 0.12
                    },
                    {
                        "name": "Garam",
                        "dryMatterIntakePerCow": 0.06,
                        "rationDetails": "None",
                        "asFedIntake": 0.24,
                        "dryMatterIntake": 0.24,
                        "docId": "txE08FeRW9dQmVhpMqG4",
                        "asFedIntakePerCow": 0.06
                    },
                    {
                        "name": "FML",
                        "dryMatterIntakePerCow": 0.13,
                        "rationDetails": "None",
                        "asFedIntake": 1.42,
                        "dryMatterIntake": 0.54,
                        "docId": "jJV0ZztOrj62W4HYOtcP",
                        "asFedIntakePerCow": 0.35
                    }
                ],
                "asFedIntake": 73.42,
                "dryMatterIntake": 33.08,
                "docId": "G4adevmT9DphwiRc4yGs",
                "name": "Slobber Mix"
            }
        ],
        "insurancePolis": "OC17122400000-000005",
        "chestDepth": "56",
        "hipHeight": "138",
        "origin": "Guyangan, Nganjuk, Jawa Timur",
        "farm": "None",
        "insurancePayout": "None",
        "date": "2024-09-22",
        "totalFeedConsumption": {
            "Garam": 8.54,
            "Mollases": 17.33,
            "TotalDryMatterIntake": 1134.52,
            "Konsentrat": 1023.81,
            "Silase Jagung": 1754.38,
            "Premix": 4.32,
            "Ampas Tahu": 1530.75,
            "Slobber Mix": 2626.81,
            "FML": 50.86
        },
        "bodyLength": "150",
        "originWeight": "440",
        "fcrAverage": 4.65,
        "rumpWidth": "33",
        "cattleId": "A-005",
        "entryWeight": "430",
        "breed": "Limousin",
        "totalWeightGained": 80.5,
        "adgSecondLatest": 2.35,
        "salesPricePerKilo": "None"
    },
    "8wkJbFQCFsHFffZxZclM": {
        "purchasingPriceKgEntry": 53664.6,
        "salesPrice": "None",
        "estimatedWeight": 480.0,
        "shrinkage": 53.5,
        "salesDate": "2024-12-02",
        "adgLatest": -0.05,
        "purchasingPrice": "21600000",
        "bodyDepth": -1.0,
        "lastWeighing": "2024-10-19",
        "fcrLatest": -0.39,
        "entryDate": "2024-08-04",
        "typeOfOrigin": "Market",
        "totalSales": "None",
        "backHeight": -1.0,
        "targetDaysOnFeed": "120",
        "topline": "183",
        "rationDetailsUpdateDate": "2025-01-07",
        "daysOnFeed": "56",
        "adgAverage": 0.71,
        "purchasingPriceKg": 47368.42,
        "docId": "8wkJbFQCFsHFffZxZclM",
        "cannonBoneCircumference": -1.0,
        "weight": 514.0,
        "withersHeight": "138",
        "rationDetails": [
            {
                "asFedIntakePerCow": 11.81,
                "dryMatterIntakePerCow": 3.54,
                "rationDetails": [],
                "asFedIntake": 47.26,
                "dryMatterIntake": 14.18,
                "docId": "HXGuvlN5pRys0mSjCQoL",
                "name": "Silase Jagung"
            },
            {
                "asFedIntakePerCow": 18.35,
                "dryMatterIntakePerCow": 8.27,
                "rationDetails": [
                    {
                        "name": "Ampas Tahu",
                        "dryMatterIntakePerCow": 1.71,
                        "rationDetails": "None",
                        "asFedIntake": 42.7,
                        "dryMatterIntake": 6.83,
                        "docId": "ZABCrwJi90G8nJvgBmue",
                        "asFedIntakePerCow": 10.67
                    },
                    {
                        "name": "Konsentrat",
                        "dryMatterIntakePerCow": 6.25,
                        "rationDetails": "None",
                        "asFedIntake": 28.46,
                        "dryMatterIntake": 25.02,
                        "docId": "I78aACcNNdL42ISUeJt9",
                        "asFedIntakePerCow": 7.12
                    },
                    {
                        "name": "Premix",
                        "dryMatterIntakePerCow": 0.03,
                        "rationDetails": "None",
                        "asFedIntake": 0.12,
                        "dryMatterIntake": 0.12,
                        "docId": "yRWJ9tpm55LsqNou3MXY",
                        "asFedIntakePerCow": 0.03
                    },
                    {
                        "name": "Mollases",
                        "dryMatterIntakePerCow": 0.08,
                        "rationDetails": "None",
                        "asFedIntake": 0.48,
                        "dryMatterIntake": 0.34,
                        "docId": "XLr6lgnlGYhOgjCG4nxR",
                        "asFedIntakePerCow": 0.12
                    },
                    {
                        "name": "Garam",
                        "dryMatterIntakePerCow": 0.06,
                        "rationDetails": "None",
                        "asFedIntake": 0.24,
                        "dryMatterIntake": 0.24,
                        "docId": "txE08FeRW9dQmVhpMqG4",
                        "asFedIntakePerCow": 0.06
                    },
                    {
                        "name": "FML",
                        "dryMatterIntakePerCow": 0.13,
                        "rationDetails": "None",
                        "asFedIntake": 1.42,
                        "dryMatterIntake": 0.54,
                        "docId": "jJV0ZztOrj62W4HYOtcP",
                        "asFedIntakePerCow": 0.35
                    }
                ],
                "asFedIntake": 73.42,
                "dryMatterIntake": 33.08,
                "docId": "G4adevmT9DphwiRc4yGs",
                "name": "Slobber Mix"
            }
        ],
        "insurancePolis": "OC17122400000-000006",
        "chestDepth": -1.0,
        "hipHeight": "135",
        "origin": "Guyangan, Nganjuk, Jawa Timur",
        "farm": "None",
        "insurancePayout": "None",
        "date": "2024-09-22",
        "totalFeedConsumption": {
            "Garam": 9.41,
            "Mollases": 18.31,
            "TotalDryMatterIntake": 1213.48,
            "Konsentrat": 1099.99,
            "Silase Jagung": 1929.55,
            "Premix": 4.51,
            "Ampas Tahu": 1650.26,
            "Slobber Mix": 2843.53,
            "FML": 55.06
        },
        "bodyLength": "120",
        "originWeight": "456",
        "fcrAverage": 6.07,
        "rumpWidth": -1.0,
        "cattleId": "A-006",
        "entryWeight": 402.5,
        "breed": "Limousin",
        "totalWeightGained": 111.5,
        "adgSecondLatest": 0.8,
        "salesPricePerKilo": "None"
    },
    "BjpF4HqloBBZLCJzy4M2": {
        "purchasingPriceKgEntry": 52173.91,
        "salesPrice": 27718500.0,
        "estimatedWeight": 497.0,
        "shrinkage": 37.5,
        "salesDate": "2024-12-15",
        "adgLatest": -0.85,
        "purchasingPrice": "21000000",
        "bodyDepth": -1.0,
        "lastWeighing": "2024-10-19",
        "fcrLatest": 16.29,
        "entryDate": "2024-08-04",
        "typeOfOrigin": "Market",
        "totalSales": 27718500.0,
        "backHeight": -1.0,
        "targetDaysOnFeed": "120",
        "topline": "173",
        "rationDetailsUpdateDate": "2024-12-09",
        "daysOnFeed": "133",
        "adgAverage": 0.89,
        "purchasingPriceKg": 47727.27,
        "docId": "BjpF4HqloBBZLCJzy4M2",
        "cannonBoneCircumference": -1.0,
        "weight": 538.0,
        "withersHeight": "135",
        "rationDetails": [
            {
                "asFedIntakePerCow": 13.75,
                "dryMatterIntakePerCow": 4.13,
                "rationDetails": [],
                "asFedIntake": 41.26,
                "dryMatterIntake": 12.38,
                "docId": "HXGuvlN5pRys0mSjCQoL",
                "name": "Silase Jagung"
            },
            {
                "asFedIntakePerCow": 21.37,
                "dryMatterIntakePerCow": 9.63,
                "rationDetails": [
                    {
                        "name": "Ampas Tahu",
                        "dryMatterIntakePerCow": 1.99,
                        "rationDetails": "None",
                        "asFedIntake": 37.28,
                        "dryMatterIntake": 5.96,
                        "docId": "ZABCrwJi90G8nJvgBmue",
                        "asFedIntakePerCow": 12.43
                    },
                    {
                        "name": "Konsentrat",
                        "dryMatterIntakePerCow": 7.28,
                        "rationDetails": "None",
                        "asFedIntake": 24.85,
                        "dryMatterIntake": 21.84,
                        "docId": "I78aACcNNdL42ISUeJt9",
                        "asFedIntakePerCow": 8.28
                    },
                    {
                        "name": "Premix",
                        "dryMatterIntakePerCow": 0.03,
                        "rationDetails": "None",
                        "asFedIntake": 0.1,
                        "dryMatterIntake": 0.1,
                        "docId": "yRWJ9tpm55LsqNou3MXY",
                        "asFedIntakePerCow": 0.03
                    },
                    {
                        "name": "Mollases",
                        "dryMatterIntakePerCow": 0.1,
                        "rationDetails": "None",
                        "asFedIntake": 0.42,
                        "dryMatterIntake": 0.29,
                        "docId": "XLr6lgnlGYhOgjCG4nxR",
                        "asFedIntakePerCow": 0.14
                    },
                    {
                        "name": "Garam",
                        "dryMatterIntakePerCow": 0.07,
                        "rationDetails": "None",
                        "asFedIntake": 0.21,
                        "dryMatterIntake": 0.21,
                        "docId": "txE08FeRW9dQmVhpMqG4",
                        "asFedIntakePerCow": 0.07
                    },
                    {
                        "name": "FML",
                        "dryMatterIntakePerCow": 0.16,
                        "rationDetails": "None",
                        "asFedIntake": 1.24,
                        "dryMatterIntake": 0.47,
                        "docId": "jJV0ZztOrj62W4HYOtcP",
                        "asFedIntakePerCow": 0.41
                    }
                ],
                "asFedIntake": 64.1,
                "dryMatterIntake": 28.88,
                "docId": "G4adevmT9DphwiRc4yGs",
                "name": "Slobber Mix"
            }
        ],
        "insurancePolis": "OC17122400000-000007",
        "chestDepth": -1.0,
        "hipHeight": "140",
        "origin": "Guyangan, Nganjuk, Jawa Timur",
        "farm": "None",
        "insurancePayout": 0.0,
        "date": "2024-09-22",
        "totalFeedConsumption": {
            "Garam": 7.3,
            "Mollases": 14.27,
            "Silase Jagung": 1571.6,
            "Konsentrat": 848.16,
            "TotalDryMatterIntake": 1170.63,
            "Premix": 3.55,
            "Ampas Tahu": 1272.28,
            "Slobber Mix": 2185.6,
            "FML": 42.34,
            "Corn Silage 30 - 70 Slobber Mix": -10.0
        },
        "bodyLength": "125",
        "originWeight": "440",
        "fcrAverage": 9.49,
        "rumpWidth": -1.0,
        "cattleId": "A-007",
        "entryWeight": 402.5,
        "breed": "Limousin",
        "totalWeightGained": 135.5,
        "adgSecondLatest": 1.15,
        "salesPricePerKilo": 51521.38
    },
    "HdbJycZ4RoMW0B0FykPa": {
        "purchasingPriceKgEntry": 53421.05,
        "salesPrice": "None",
        "estimatedWeight": 462.0,
        "shrinkage": "43",
        "salesDate": "2024-12-22",
        "adgLatest": 0.69,
        "purchasingPrice": "20300000",
        "bodyDepth": "174",
        "lastWeighing": "2024-10-19",
        "fcrLatest": 5.56,
        "entryDate": "2024-08-24",
        "typeOfOrigin": "Market",
        "totalSales": "None",
        "backHeight": "125",
        "targetDaysOnFeed": "120",
        "topline": "160",
        "rationDetailsUpdateDate": "2025-01-07",
        "daysOnFeed": "36",
        "adgAverage": 0.88,
        "purchasingPriceKg": 47990.54,
        "docId": "HdbJycZ4RoMW0B0FykPa",
        "cannonBoneCircumference": "21",
        "weight": 499.9,
        "withersHeight": "126",
        "rationDetails": [
            {
                "asFedIntakePerCow": 11.81,
                "dryMatterIntakePerCow": 3.54,
                "rationDetails": [],
                "asFedIntake": 47.26,
                "dryMatterIntake": 14.18,
                "docId": "HXGuvlN5pRys0mSjCQoL",
                "name": "Silase Jagung"
            },
            {
                "asFedIntakePerCow": 18.35,
                "dryMatterIntakePerCow": 8.27,
                "rationDetails": [
                    {
                        "name": "Ampas Tahu",
                        "dryMatterIntakePerCow": 1.71,
                        "rationDetails": "None",
                        "asFedIntake": 42.7,
                        "dryMatterIntake": 6.83,
                        "docId": "ZABCrwJi90G8nJvgBmue",
                        "asFedIntakePerCow": 10.67
                    },
                    {
                        "name": "Konsentrat",
                        "dryMatterIntakePerCow": 6.25,
                        "rationDetails": "None",
                        "asFedIntake": 28.46,
                        "dryMatterIntake": 25.02,
                        "docId": "I78aACcNNdL42ISUeJt9",
                        "asFedIntakePerCow": 7.12
                    },
                    {
                        "name": "Premix",
                        "dryMatterIntakePerCow": 0.03,
                        "rationDetails": "None",
                        "asFedIntake": 0.12,
                        "dryMatterIntake": 0.12,
                        "docId": "yRWJ9tpm55LsqNou3MXY",
                        "asFedIntakePerCow": 0.03
                    },
                    {
                        "name": "Mollases",
                        "dryMatterIntakePerCow": 0.08,
                        "rationDetails": "None",
                        "asFedIntake": 0.48,
                        "dryMatterIntake": 0.34,
                        "docId": "XLr6lgnlGYhOgjCG4nxR",
                        "asFedIntakePerCow": 0.12
                    },
                    {
                        "name": "Garam",
                        "dryMatterIntakePerCow": 0.06,
                        "rationDetails": "None",
                        "asFedIntake": 0.24,
                        "dryMatterIntake": 0.24,
                        "docId": "txE08FeRW9dQmVhpMqG4",
                        "asFedIntakePerCow": 0.06
                    },
                    {
                        "name": "FML",
                        "dryMatterIntakePerCow": 0.13,
                        "rationDetails": "None",
                        "asFedIntake": 1.42,
                        "dryMatterIntake": 0.54,
                        "docId": "jJV0ZztOrj62W4HYOtcP",
                        "asFedIntakePerCow": 0.35
                    }
                ],
                "asFedIntake": 73.42,
                "dryMatterIntake": 33.08,
                "docId": "G4adevmT9DphwiRc4yGs",
                "name": "Slobber Mix"
            }
        ],
        "insurancePolis": "OC17122400000-000013",
        "chestDepth": "61",
        "hipHeight": "132",
        "origin": "Guyangan, Nganjuk, Jawa Timur",
        "farm": "None",
        "insurancePayout": "None",
        "date": "2024-09-22",
        "totalFeedConsumption": {
            "Garam": 7.32,
            "Mollases": 14.45,
            "TotalDryMatterIntake": 858.79,
            "Konsentrat": 876.23,
            "Silase Jagung": 1491.08,
            "Premix": 3.51,
            "Ampas Tahu": 1332.66,
            "Slobber Mix": 2221.21,
            "FML": 42.95
        },
        "bodyLength": "168",
        "originWeight": "423",
        "fcrAverage": 8.21,
        "rumpWidth": "31",
        "cattleId": "A-013",
        "entryWeight": "380",
        "breed": "Simental",
        "totalWeightGained": 119.9,
        "adgSecondLatest": 0.5,
        "salesPricePerKilo": "None"
    },
    "HrA34qZsRVnBHpckZpdk": {
        "purchasingPriceKgEntry": 57262.57,
        "salesPrice": "None",
        "estimatedWeight": 506.5,
        "shrinkage": "78",
        "salesDate": "2024-12-16",
        "adgLatest": 1.95,
        "purchasingPrice": "20500000",
        "bodyDepth": -1.0,
        "lastWeighing": "2024-10-19",
        "fcrLatest": 14.18,
        "entryDate": "2024-08-18",
        "typeOfOrigin": "Market",
        "totalSales": "None",
        "backHeight": -1.0,
        "targetDaysOnFeed": "120",
        "topline": "170",
        "rationDetailsUpdateDate": "2025-01-07",
        "daysOnFeed": "42",
        "adgAverage": 1.65,
        "purchasingPriceKg": 47018.35,
        "docId": "HrA34qZsRVnBHpckZpdk",
        "cannonBoneCircumference": -1.0,
        "weight": 593.0,
        "withersHeight": "140",
        "rationDetails": [
            {
                "asFedIntakePerCow": 13.78,
                "dryMatterIntakePerCow": 4.13,
                "rationDetails": [],
                "asFedIntake": 13.78,
                "dryMatterIntake": 4.13,
                "docId": "HXGuvlN5pRys0mSjCQoL",
                "name": "Silase Jagung"
            },
            {
                "asFedIntakePerCow": 21.41,
                "dryMatterIntakePerCow": 9.65,
                "rationDetails": [
                    {
                        "name": "Ampas Tahu",
                        "dryMatterIntakePerCow": 1.99,
                        "rationDetails": "None",
                        "asFedIntake": 12.45,
                        "dryMatterIntake": 1.99,
                        "docId": "ZABCrwJi90G8nJvgBmue",
                        "asFedIntakePerCow": 12.45
                    },
                    {
                        "name": "Konsentrat",
                        "dryMatterIntakePerCow": 7.3,
                        "rationDetails": "None",
                        "asFedIntake": 8.3,
                        "dryMatterIntake": 7.3,
                        "docId": "I78aACcNNdL42ISUeJt9",
                        "asFedIntakePerCow": 8.3
                    },
                    {
                        "name": "Premix",
                        "dryMatterIntakePerCow": 0.03,
                        "rationDetails": "None",
                        "asFedIntake": 0.03,
                        "dryMatterIntake": 0.03,
                        "docId": "yRWJ9tpm55LsqNou3MXY",
                        "asFedIntakePerCow": 0.03
                    },
                    {
                        "name": "Mollases",
                        "dryMatterIntakePerCow": 0.1,
                        "rationDetails": "None",
                        "asFedIntake": 0.14,
                        "dryMatterIntake": 0.1,
                        "docId": "XLr6lgnlGYhOgjCG4nxR",
                        "asFedIntakePerCow": 0.14
                    },
                    {
                        "name": "Garam",
                        "dryMatterIntakePerCow": 0.07,
                        "rationDetails": "None",
                        "asFedIntake": 0.07,
                        "dryMatterIntake": 0.07,
                        "docId": "txE08FeRW9dQmVhpMqG4",
                        "asFedIntakePerCow": 0.07
                    },
                    {
                        "name": "FML",
                        "dryMatterIntakePerCow": 0.16,
                        "rationDetails": "None",
                        "asFedIntake": 0.41,
                        "dryMatterIntake": 0.16,
                        "docId": "jJV0ZztOrj62W4HYOtcP",
                        "asFedIntakePerCow": 0.41
                    }
                ],
                "asFedIntake": 21.41,
                "dryMatterIntake": 9.65,
                "docId": "G4adevmT9DphwiRc4yGs",
                "name": "Slobber Mix"
            }
        ],
        "insurancePolis": "OC17122400000-000009",
        "chestDepth": -1.0,
        "hipHeight": "135",
        "origin": "Warujaeng, Nganjuk, Jawa Timur",
        "farm": "None",
        "insurancePayout": "None",
        "date": "2024-09-22",
        "totalFeedConsumption": {
            "Garam": 8.76,
            "Mollases": 17.17,
            "TotalDryMatterIntake": 1012.63,
            "Konsentrat": 1016.55,
            "Silase Jagung": 1654.95,
            "Premix": 4.04,
            "Ampas Tahu": 1525.24,
            "Slobber Mix": 2620.43,
            "FML": 50.68
        },
        "bodyLength": "163",
        "originWeight": "436",
        "fcrAverage": 14.04,
        "rumpWidth": -1.0,
        "cattleId": "A-009",
        "entryWeight": "358",
        "breed": "Limousin",
        "totalWeightGained": 235.0,
        "adgSecondLatest": 1.35,
        "salesPricePerKilo": "None"
    },
    "JjCr6CEnZ64ZbCOXR0lu": {
        "purchasingPriceKgEntry": 55245.68,
        "salesPrice": "None",
        "estimatedWeight": 441.0,
        "shrinkage": 61.5,
        "salesDate": "2024-12-21",
        "adgLatest": 1.45,
        "purchasingPrice": "20800000",
        "bodyDepth": "138",
        "lastWeighing": "2024-10-19",
        "fcrLatest": 11.98,
        "entryDate": "2024-08-23",
        "typeOfOrigin": "Market",
        "totalSales": "None",
        "backHeight": "131",
        "targetDaysOnFeed": "120",
        "topline": "153",
        "rationDetailsUpdateDate": "2025-01-07",
        "daysOnFeed": "37",
        "adgAverage": 0.95,
        "purchasingPriceKg": 47488.58,
        "docId": "JjCr6CEnZ64ZbCOXR0lu",
        "cannonBoneCircumference": "21",
        "weight": 506.5,
        "withersHeight": "131",
        "rationDetails": [
            {
                "asFedIntakePerCow": 11.81,
                "dryMatterIntakePerCow": 3.54,
                "rationDetails": [],
                "asFedIntake": 47.26,
                "dryMatterIntake": 14.18,
                "docId": "HXGuvlN5pRys0mSjCQoL",
                "name": "Silase Jagung"
            },
            {
                "asFedIntakePerCow": 18.35,
                "dryMatterIntakePerCow": 8.27,
                "rationDetails": [
                    {
                        "name": "Ampas Tahu",
                        "dryMatterIntakePerCow": 1.71,
                        "rationDetails": "None",
                        "asFedIntake": 42.7,
                        "dryMatterIntake": 6.83,
                        "docId": "ZABCrwJi90G8nJvgBmue",
                        "asFedIntakePerCow": 10.67
                    },
                    {
                        "name": "Konsentrat",
                        "dryMatterIntakePerCow": 6.25,
                        "rationDetails": "None",
                        "asFedIntake": 28.46,
                        "dryMatterIntake": 25.02,
                        "docId": "I78aACcNNdL42ISUeJt9",
                        "asFedIntakePerCow": 7.12
                    },
                    {
                        "name": "Premix",
                        "dryMatterIntakePerCow": 0.03,
                        "rationDetails": "None",
                        "asFedIntake": 0.12,
                        "dryMatterIntake": 0.12,
                        "docId": "yRWJ9tpm55LsqNou3MXY",
                        "asFedIntakePerCow": 0.03
                    },
                    {
                        "name": "Mollases",
                        "dryMatterIntakePerCow": 0.08,
                        "rationDetails": "None",
                        "asFedIntake": 0.48,
                        "dryMatterIntake": 0.34,
                        "docId": "XLr6lgnlGYhOgjCG4nxR",
                        "asFedIntakePerCow": 0.12
                    },
                    {
                        "name": "Garam",
                        "dryMatterIntakePerCow": 0.06,
                        "rationDetails": "None",
                        "asFedIntake": 0.24,
                        "dryMatterIntake": 0.24,
                        "docId": "txE08FeRW9dQmVhpMqG4",
                        "asFedIntakePerCow": 0.06
                    },
                    {
                        "name": "FML",
                        "dryMatterIntakePerCow": 0.13,
                        "rationDetails": "None",
                        "asFedIntake": 1.42,
                        "dryMatterIntake": 0.54,
                        "docId": "jJV0ZztOrj62W4HYOtcP",
                        "asFedIntakePerCow": 0.35
                    }
                ],
                "asFedIntake": 73.42,
                "dryMatterIntake": 33.08,
                "docId": "G4adevmT9DphwiRc4yGs",
                "name": "Slobber Mix"
            }
        ],
        "insurancePolis": "OC17122400000-000011",
        "chestDepth": "60",
        "hipHeight": "134",
        "origin": "Warujaeng, Nganjuk, Jawa Timur",
        "farm": "None",
        "insurancePayout": "None",
        "date": "2024-09-22",
        "totalFeedConsumption": {
            "Garam": 7.29,
            "Mollases": 14.12,
            "TotalDryMatterIntake": 861.55,
            "Konsentrat": 860.44,
            "Silase Jagung": 1479.3,
            "Premix": 3.5,
            "Ampas Tahu": 1333.03,
            "Slobber Mix": 2216.3,
            "FML": 42.33
        },
        "bodyLength": "107",
        "originWeight": "438",
        "fcrAverage": 8.98,
        "rumpWidth": "38",
        "cattleId": "A-011",
        "entryWeight": 376.5,
        "breed": "Limousin",
        "totalWeightGained": 130.0,
        "adgSecondLatest": 0.9,
        "salesPricePerKilo": "None"
    },
    "NUOTwEZyV0DQgXY9JrM8": {
        "purchasingPriceKgEntry": 48543.69,
        "adgSinceLastWeighing": 0.5,
        "salesPrice": 32838000.0,
        "estimatedWeight": 591.0,
        "shrinkage": "50",
        "salesDate": "2024-12-15",
        "feed_ration": {
            "dry_matter_intake_per_cow": 13.100000000000001,
            "ingredients": [
                {
                    "ingredient_name": "Silase Jagung",
                    "as_fed_per_cow": 13.1,
                    "subingredient": [],
                    "ingredient_id": "HXGuvlN5pRys0mSjCQoL"
                },
                {
                    "ingredient_name": "Slobber Mix",
                    "as_fed_per_cow": 20.4,
                    "subingredient": [
                        {
                            "ingredient_name": "Ampas Tahu",
                            "as_fed_per_cow": 11.8,
                            "ingredient_id": "ZABCrwJi90G8nJvgBmue"
                        },
                        {
                            "ingredient_name": "Konsentrat",
                            "as_fed_per_cow": 7.9,
                            "ingredient_id": "I78aACcNNdL42ISUeJt9"
                        },
                        {
                            "ingredient_name": "Premix",
                            "as_fed_per_cow": 0.0,
                            "ingredient_id": "yRWJ9tpm55LsqNou3MXY"
                        },
                        {
                            "ingredient_name": "Mollases",
                            "as_fed_per_cow": 0.1,
                            "ingredient_id": "XLr6lgnlGYhOgjCG4nxR"
                        },
                        {
                            "ingredient_name": "Garam",
                            "as_fed_per_cow": 0.1,
                            "ingredient_id": "txE08FeRW9dQmVhpMqG4"
                        },
                        {
                            "ingredient_name": "FML",
                            "as_fed_per_cow": 0.4,
                            "ingredient_id": "jJV0ZztOrj62W4HYOtcP"
                        }
                    ],
                    "ingredient_id": "recipe-G4adevmT9DphwiRc4yGs"
                }
            ]
        },
        "purchasingPrice": "20000000",
        "purchasingPriceKg": 43290.04,
        "lastWeighing": "2024-10-19",
        "fcrLatest": 11.03,
        "entryDate": "2024-07-25",
        "typeOfOrigin": "Market",
        "totalSales": 32838000.0,
        "backHeight": "125",
        "targetDaysOnFeed": "120",
        "topline": "175",
        "rationDetailsUpdateDate": "2024-12-09",
        "lastWeiging": "2024-09-29",
        "adgAverage": 1.54,
        "daysOnFeed": "143",
        "docId": "NUOTwEZyV0DQgXY9JrM8",
        "cow_fcr": 12.37,
        "feed_ration_update_date": "2024-09-29",
        "cannonBoneCircumference": "22",
        "bodyDepth": "140",
        "adgPerformance": 1.34,
        "weight": 630.0,
        "adgLatest": 1.6,
        "withersHeight": "127",
        "rationDetails": [
            {
                "asFedIntakePerCow": 15.85,
                "dryMatterIntakePerCow": 4.75,
                "rationDetails": [],
                "asFedIntake": 31.7,
                "dryMatterIntake": 9.51,
                "docId": "HXGuvlN5pRys0mSjCQoL",
                "name": "Silase Jagung"
            },
            {
                "asFedIntakePerCow": 24.62,
                "dryMatterIntakePerCow": 11.1,
                "rationDetails": [
                    {
                        "name": "Ampas Tahu",
                        "dryMatterIntakePerCow": 2.29,
                        "rationDetails": "None",
                        "asFedIntake": 28.64,
                        "dryMatterIntake": 4.58,
                        "docId": "ZABCrwJi90G8nJvgBmue",
                        "asFedIntakePerCow": 14.32
                    },
                    {
                        "name": "Konsentrat",
                        "dryMatterIntakePerCow": 8.39,
                        "rationDetails": "None",
                        "asFedIntake": 19.09,
                        "dryMatterIntake": 16.78,
                        "docId": "I78aACcNNdL42ISUeJt9",
                        "asFedIntakePerCow": 9.55
                    },
                    {
                        "name": "Premix",
                        "dryMatterIntakePerCow": 0.04,
                        "rationDetails": "None",
                        "asFedIntake": 0.08,
                        "dryMatterIntake": 0.08,
                        "docId": "yRWJ9tpm55LsqNou3MXY",
                        "asFedIntakePerCow": 0.04
                    },
                    {
                        "name": "Mollases",
                        "dryMatterIntakePerCow": 0.11,
                        "rationDetails": "None",
                        "asFedIntake": 0.32,
                        "dryMatterIntake": 0.23,
                        "docId": "XLr6lgnlGYhOgjCG4nxR",
                        "asFedIntakePerCow": 0.16
                    },
                    {
                        "name": "Garam",
                        "dryMatterIntakePerCow": 0.08,
                        "rationDetails": "None",
                        "asFedIntake": 0.16,
                        "dryMatterIntake": 0.16,
                        "docId": "txE08FeRW9dQmVhpMqG4",
                        "asFedIntakePerCow": 0.08
                    },
                    {
                        "name": "FML",
                        "dryMatterIntakePerCow": 0.18,
                        "rationDetails": "None",
                        "asFedIntake": 0.95,
                        "dryMatterIntake": 0.36,
                        "docId": "jJV0ZztOrj62W4HYOtcP",
                        "asFedIntakePerCow": 0.48
                    }
                ],
                "asFedIntake": 49.25,
                "dryMatterIntake": 22.19,
                "docId": "G4adevmT9DphwiRc4yGs",
                "name": "Slobber Mix"
            }
        ],
        "insurancePolis": "OC17122400000-000001",
        "adgSinceSecondToLastWeighing": 3.55,
        "chestDepth": "56",
        "hipHeight": "136",
        "origin": "Guyangan, Nganjuk, Jawa Timur",
        "farm": "None",
        "insurancePayout": 0.0,
        "recordingDate": "tbf",
        "date": "2024-09-22",
        "totalFeedConsumption": {
            "Garam": 8.39,
            "Mollases": 16.98,
            "Konsentrat": 1005.98,
            "total_dry_matter_intake": 1072.3788,
            "TotalDryMatterIntake": 1376.05,
            "Premix": 4.25,
            "Silase Jagung": 1859.7,
            "Corn Silage 30 - 70 Slobber Mix": -10.0,
            "FML": 50.14,
            "Slobber Mix": 2601.28,
            "Ampas Tahu": 1511.77
        },
        "bodyLength": "123",
        "originWeight": "462",
        "fcrAverage": 12.96,
        "rumpWidth": "37",
        "adgSecondLatest": 1.95,
        "entryWeight": 412.0,
        "cattleId": "A-001",
        "totalWeightGained": "218",
        "breed": "Limousin",
        "salesPricePerKilo": 52123.81
    },
    "UoYDKmQVbMqc9i3tUvYa": {
        "purchasingPriceKgEntry": 50500.0,
        "salesPrice": "None",
        "estimatedWeight": 473.0,
        "shrinkage": "30",
        "salesDate": "2024-11-27",
        "adgLatest": 1.1,
        "purchasingPrice": "20200000",
        "bodyDepth": "135",
        "lastWeighing": "2024-10-19",
        "fcrLatest": 8.53,
        "entryDate": "2024-07-30",
        "typeOfOrigin": "Market",
        "totalSales": "None",
        "backHeight": "131",
        "targetDaysOnFeed": "120",
        "topline": "147",
        "rationDetailsUpdateDate": "2025-01-07",
        "daysOnFeed": "61",
        "adgAverage": 0.87,
        "purchasingPriceKg": 46976.74,
        "docId": "UoYDKmQVbMqc9i3tUvYa",
        "cannonBoneCircumference": "23",
        "weight": 540.0,
        "withersHeight": "131",
        "rationDetails": [
            {
                "asFedIntakePerCow": 12.54,
                "dryMatterIntakePerCow": 3.76,
                "rationDetails": [],
                "asFedIntake": 25.09,
                "dryMatterIntake": 7.53,
                "docId": "HXGuvlN5pRys0mSjCQoL",
                "name": "Silase Jagung"
            },
            {
                "asFedIntakePerCow": 19.49,
                "dryMatterIntakePerCow": 8.78,
                "rationDetails": [
                    {
                        "name": "Ampas Tahu",
                        "dryMatterIntakePerCow": 1.81,
                        "rationDetails": "None",
                        "asFedIntake": 22.67,
                        "dryMatterIntake": 3.63,
                        "docId": "ZABCrwJi90G8nJvgBmue",
                        "asFedIntakePerCow": 11.33
                    },
                    {
                        "name": "Konsentrat",
                        "dryMatterIntakePerCow": 6.64,
                        "rationDetails": "None",
                        "asFedIntake": 15.11,
                        "dryMatterIntake": 13.28,
                        "docId": "I78aACcNNdL42ISUeJt9",
                        "asFedIntakePerCow": 7.56
                    },
                    {
                        "name": "Premix",
                        "dryMatterIntakePerCow": 0.03,
                        "rationDetails": "None",
                        "asFedIntake": 0.06,
                        "dryMatterIntake": 0.06,
                        "docId": "yRWJ9tpm55LsqNou3MXY",
                        "asFedIntakePerCow": 0.03
                    },
                    {
                        "name": "Mollases",
                        "dryMatterIntakePerCow": 0.09,
                        "rationDetails": "None",
                        "asFedIntake": 0.25,
                        "dryMatterIntake": 0.18,
                        "docId": "XLr6lgnlGYhOgjCG4nxR",
                        "asFedIntakePerCow": 0.13
                    },
                    {
                        "name": "Garam",
                        "dryMatterIntakePerCow": 0.06,
                        "rationDetails": "None",
                        "asFedIntake": 0.13,
                        "dryMatterIntake": 0.13,
                        "docId": "txE08FeRW9dQmVhpMqG4",
                        "asFedIntakePerCow": 0.06
                    },
                    {
                        "name": "FML",
                        "dryMatterIntakePerCow": 0.14,
                        "rationDetails": "None",
                        "asFedIntake": 0.75,
                        "dryMatterIntake": 0.29,
                        "docId": "jJV0ZztOrj62W4HYOtcP",
                        "asFedIntakePerCow": 0.38
                    }
                ],
                "asFedIntake": 38.98,
                "dryMatterIntake": 17.56,
                "docId": "G4adevmT9DphwiRc4yGs",
                "name": "Slobber Mix"
            }
        ],
        "insurancePolis": "OC17122400000-000004",
        "chestDepth": "53",
        "hipHeight": "141",
        "origin": "Guyangan, Nganjuk, Jawa Timur",
        "farm": "None",
        "insurancePayout": "None",
        "date": "2024-09-22",
        "totalFeedConsumption": {
            "Garam": 8.77,
            "Mollases": 16.82,
            "TotalDryMatterIntake": 1112.32,
            "Konsentrat": 1017.0,
            "Silase Jagung": 1758.0,
            "Premix": 4.09,
            "Ampas Tahu": 1515.78,
            "Slobber Mix": 2612.35,
            "FML": 50.69
        },
        "bodyLength": "136",
        "originWeight": "430",
        "fcrAverage": 8.1,
        "rumpWidth": "30",
        "cattleId": "A-004",
        "entryWeight": "400",
        "breed": "BX x Simental",
        "totalWeightGained": 140.0,
        "adgSecondLatest": 0.65,
        "salesPricePerKilo": "None"
    },
    "hxrGeSGjhhvz6QapYMGG": {
        "purchasingPriceKgEntry": 52311.44,
        "salesPrice": "None",
        "estimatedWeight": 564.5,
        "shrinkage": "39",
        "salesDate": "2024-12-20",
        "adgLatest": 1.75,
        "purchasingPrice": "21500000",
        "bodyDepth": "165",
        "lastWeighing": "2024-10-19",
        "fcrLatest": 11.38,
        "entryDate": "2024-08-22",
        "typeOfOrigin": "Market",
        "totalSales": "None",
        "backHeight": "132",
        "targetDaysOnFeed": "120",
        "topline": "178",
        "rationDetailsUpdateDate": "2025-01-07",
        "daysOnFeed": "38",
        "adgAverage": 1.78,
        "purchasingPriceKg": 47777.78,
        "docId": "hxrGeSGjhhvz6QapYMGG",
        "cannonBoneCircumference": "22",
        "weight": 656.0,
        "withersHeight": "133",
        "rationDetails": [
            {
                "asFedIntakePerCow": 15.3,
                "dryMatterIntakePerCow": 4.59,
                "rationDetails": [],
                "asFedIntake": 30.6,
                "dryMatterIntake": 9.18,
                "docId": "HXGuvlN5pRys0mSjCQoL",
                "name": "Silase Jagung"
            },
            {
                "asFedIntakePerCow": 23.77,
                "dryMatterIntakePerCow": 10.71,
                "rationDetails": [
                    {
                        "name": "Ampas Tahu",
                        "dryMatterIntakePerCow": 2.21,
                        "rationDetails": "None",
                        "asFedIntake": 27.65,
                        "dryMatterIntake": 4.42,
                        "docId": "ZABCrwJi90G8nJvgBmue",
                        "asFedIntakePerCow": 13.82
                    },
                    {
                        "name": "Konsentrat",
                        "dryMatterIntakePerCow": 8.1,
                        "rationDetails": "None",
                        "asFedIntake": 18.43,
                        "dryMatterIntake": 16.2,
                        "docId": "I78aACcNNdL42ISUeJt9",
                        "asFedIntakePerCow": 9.21
                    },
                    {
                        "name": "Premix",
                        "dryMatterIntakePerCow": 0.04,
                        "rationDetails": "None",
                        "asFedIntake": 0.08,
                        "dryMatterIntake": 0.07,
                        "docId": "yRWJ9tpm55LsqNou3MXY",
                        "asFedIntakePerCow": 0.04
                    },
                    {
                        "name": "Mollases",
                        "dryMatterIntakePerCow": 0.11,
                        "rationDetails": "None",
                        "asFedIntake": 0.31,
                        "dryMatterIntake": 0.22,
                        "docId": "XLr6lgnlGYhOgjCG4nxR",
                        "asFedIntakePerCow": 0.15
                    },
                    {
                        "name": "Garam",
                        "dryMatterIntakePerCow": 0.08,
                        "rationDetails": "None",
                        "asFedIntake": 0.16,
                        "dryMatterIntake": 0.16,
                        "docId": "txE08FeRW9dQmVhpMqG4",
                        "asFedIntakePerCow": 0.08
                    },
                    {
                        "name": "FML",
                        "dryMatterIntakePerCow": 0.17,
                        "rationDetails": "None",
                        "asFedIntake": 0.92,
                        "dryMatterIntake": 0.35,
                        "docId": "jJV0ZztOrj62W4HYOtcP",
                        "asFedIntakePerCow": 0.46
                    }
                ],
                "asFedIntake": 47.54,
                "dryMatterIntake": 21.42,
                "docId": "G4adevmT9DphwiRc4yGs",
                "name": "Slobber Mix"
            }
        ],
        "insurancePolis": "OC17122400000-000010",
        "chestDepth": "60",
        "hipHeight": "141",
        "origin": "Tjoekir, Jombang, Jawa Timur",
        "farm": "None",
        "insurancePayout": "None",
        "date": "2024-09-22",
        "totalFeedConsumption": {
            "Garam": 9.17,
            "Mollases": 18.0,
            "TotalDryMatterIntake": 1057.3,
            "Konsentrat": 1099.8,
            "Silase Jagung": 1745.62,
            "Premix": 4.78,
            "Ampas Tahu": 1654.82,
            "Slobber Mix": 2807.41,
            "FML": 54.34
        },
        "bodyLength": "114",
        "originWeight": "450",
        "fcrAverage": 13.64,
        "rumpWidth": "42",
        "cattleId": "A-010",
        "entryWeight": "411",
        "breed": "Limousin",
        "totalWeightGained": 245.0,
        "adgSecondLatest": 2.15,
        "salesPricePerKilo": "None"
    },
    "qpqgpDYs4n0s9Odwu05Q": {
        "purchasingPriceKgEntry": 48295.45,
        "salesPrice": "None",
        "estimatedWeight": 592.0,
        "shrinkage": "3",
        "salesDate": "2024-11-22",
        "adgLatest": 2.85,
        "purchasingPrice": "21250000",
        "bodyDepth": "145",
        "lastWeighing": "2024-10-19",
        "fcrLatest": 17.98,
        "entryDate": "2024-07-25",
        "typeOfOrigin": "Market",
        "totalSales": "None",
        "backHeight": "126",
        "targetDaysOnFeed": "120",
        "topline": "179",
        "rationDetailsUpdateDate": "2025-01-07",
        "daysOnFeed": "66",
        "adgAverage": 1.34,
        "purchasingPriceKg": 47968.4,
        "docId": "qpqgpDYs4n0s9Odwu05Q",
        "cannonBoneCircumference": "24",
        "weight": 662.5,
        "withersHeight": "132",
        "rationDetails": [
            {
                "asFedIntakePerCow": 15.3,
                "dryMatterIntakePerCow": 4.59,
                "rationDetails": [],
                "asFedIntake": 30.6,
                "dryMatterIntake": 9.18,
                "docId": "HXGuvlN5pRys0mSjCQoL",
                "name": "Silase Jagung"
            },
            {
                "asFedIntakePerCow": 23.77,
                "dryMatterIntakePerCow": 10.71,
                "rationDetails": [
                    {
                        "name": "Ampas Tahu",
                        "dryMatterIntakePerCow": 2.21,
                        "rationDetails": "None",
                        "asFedIntake": 27.65,
                        "dryMatterIntake": 4.42,
                        "docId": "ZABCrwJi90G8nJvgBmue",
                        "asFedIntakePerCow": 13.82
                    },
                    {
                        "name": "Konsentrat",
                        "dryMatterIntakePerCow": 8.1,
                        "rationDetails": "None",
                        "asFedIntake": 18.43,
                        "dryMatterIntake": 16.2,
                        "docId": "I78aACcNNdL42ISUeJt9",
                        "asFedIntakePerCow": 9.21
                    },
                    {
                        "name": "Premix",
                        "dryMatterIntakePerCow": 0.04,
                        "rationDetails": "None",
                        "asFedIntake": 0.08,
                        "dryMatterIntake": 0.07,
                        "docId": "yRWJ9tpm55LsqNou3MXY",
                        "asFedIntakePerCow": 0.04
                    },
                    {
                        "name": "Mollases",
                        "dryMatterIntakePerCow": 0.11,
                        "rationDetails": "None",
                        "asFedIntake": 0.31,
                        "dryMatterIntake": 0.22,
                        "docId": "XLr6lgnlGYhOgjCG4nxR",
                        "asFedIntakePerCow": 0.15
                    },
                    {
                        "name": "Garam",
                        "dryMatterIntakePerCow": 0.08,
                        "rationDetails": "None",
                        "asFedIntake": 0.16,
                        "dryMatterIntake": 0.16,
                        "docId": "txE08FeRW9dQmVhpMqG4",
                        "asFedIntakePerCow": 0.08
                    },
                    {
                        "name": "FML",
                        "dryMatterIntakePerCow": 0.17,
                        "rationDetails": "None",
                        "asFedIntake": 0.92,
                        "dryMatterIntake": 0.35,
                        "docId": "jJV0ZztOrj62W4HYOtcP",
                        "asFedIntakePerCow": 0.46
                    }
                ],
                "asFedIntake": 47.54,
                "dryMatterIntake": 21.42,
                "docId": "G4adevmT9DphwiRc4yGs",
                "name": "Slobber Mix"
            }
        ],
        "insurancePolis": "OC17122400000-000003",
        "chestDepth": "59",
        "hipHeight": "140",
        "origin": "Guyangan, Nganjuk, Jawa Timur",
        "farm": "None",
        "insurancePayout": "None",
        "date": "2024-09-22",
        "totalFeedConsumption": {
            "Garam": 11.1,
            "Mollases": 22.19,
            "TotalDryMatterIntake": 1436.3,
            "Konsentrat": 1324.82,
            "Silase Jagung": 2423.35,
            "Premix": 5.5,
            "Ampas Tahu": 1989.69,
            "Slobber Mix": 3415.28,
            "FML": 66.17
        },
        "bodyLength": "137",
        "originWeight": "443",
        "fcrAverage": 10.11,
        "rumpWidth": "38",
        "cattleId": "A-003",
        "entryWeight": "440",
        "breed": "Limousin",
        "totalWeightGained": 222.5,
        "adgSecondLatest": 1.78,
        "salesPricePerKilo": "None"
    },
    "r8Nu8GuqhyO0KkUaUSMt": {
        "purchasingPriceKgEntry": 49047.62,
        "salesPrice": "None",
        "estimatedWeight": 446.0,
        "shrinkage": "20",
        "salesDate": "2024-11-22",
        "adgLatest": 1.45,
        "purchasingPrice": "20600000",
        "bodyDepth": "133",
        "lastWeighing": "2024-10-19",
        "fcrLatest": 11.98,
        "entryDate": "2024-07-25",
        "typeOfOrigin": "Market",
        "totalSales": "None",
        "backHeight": "128",
        "targetDaysOnFeed": "120",
        "topline": "161",
        "rationDetailsUpdateDate": "2025-01-07",
        "daysOnFeed": "66",
        "adgAverage": 0.45,
        "purchasingPriceKg": 46818.18,
        "docId": "r8Nu8GuqhyO0KkUaUSMt",
        "cannonBoneCircumference": "22",
        "weight": 495.5,
        "withersHeight": "129",
        "rationDetails": [
            {
                "asFedIntakePerCow": 10.53,
                "dryMatterIntakePerCow": 3.16,
                "rationDetails": [],
                "asFedIntake": 10.53,
                "dryMatterIntake": 3.16,
                "docId": "HXGuvlN5pRys0mSjCQoL",
                "name": "Silase Jagung"
            },
            {
                "asFedIntakePerCow": 16.36,
                "dryMatterIntakePerCow": 7.37,
                "rationDetails": [
                    {
                        "name": "Ampas Tahu",
                        "dryMatterIntakePerCow": 1.52,
                        "rationDetails": "None",
                        "asFedIntake": 9.51,
                        "dryMatterIntake": 1.52,
                        "docId": "ZABCrwJi90G8nJvgBmue",
                        "asFedIntakePerCow": 9.51
                    },
                    {
                        "name": "Konsentrat",
                        "dryMatterIntakePerCow": 5.57,
                        "rationDetails": "None",
                        "asFedIntake": 6.34,
                        "dryMatterIntake": 5.57,
                        "docId": "I78aACcNNdL42ISUeJt9",
                        "asFedIntakePerCow": 6.34
                    },
                    {
                        "name": "Premix",
                        "dryMatterIntakePerCow": 0.03,
                        "rationDetails": "None",
                        "asFedIntake": 0.03,
                        "dryMatterIntake": 0.03,
                        "docId": "yRWJ9tpm55LsqNou3MXY",
                        "asFedIntakePerCow": 0.03
                    },
                    {
                        "name": "Mollases",
                        "dryMatterIntakePerCow": 0.08,
                        "rationDetails": "None",
                        "asFedIntake": 0.11,
                        "dryMatterIntake": 0.08,
                        "docId": "XLr6lgnlGYhOgjCG4nxR",
                        "asFedIntakePerCow": 0.11
                    },
                    {
                        "name": "Garam",
                        "dryMatterIntakePerCow": 0.05,
                        "rationDetails": "None",
                        "asFedIntake": 0.05,
                        "dryMatterIntake": 0.05,
                        "docId": "txE08FeRW9dQmVhpMqG4",
                        "asFedIntakePerCow": 0.05
                    },
                    {
                        "name": "FML",
                        "dryMatterIntakePerCow": 0.12,
                        "rationDetails": "None",
                        "asFedIntake": 0.32,
                        "dryMatterIntake": 0.12,
                        "docId": "jJV0ZztOrj62W4HYOtcP",
                        "asFedIntakePerCow": 0.32
                    }
                ],
                "asFedIntake": 16.36,
                "dryMatterIntake": 7.37,
                "docId": "G4adevmT9DphwiRc4yGs",
                "name": "Slobber Mix"
            }
        ],
        "insurancePolis": "OC17122400000-000002",
        "chestDepth": "59",
        "hipHeight": "138",
        "origin": "Guyangan, Nganjuk, Jawa Timur",
        "farm": "None",
        "insurancePayout": "None",
        "date": "2024-09-22",
        "totalFeedConsumption": {
            "Garam": 8.74,
            "Mollases": 17.17,
            "TotalDryMatterIntake": 1155.22,
            "Konsentrat": 1026.34,
            "Silase Jagung": 1984.3,
            "Premix": 4.22,
            "Ampas Tahu": 1541.9,
            "Slobber Mix": 2648.8,
            "FML": 51.23
        },
        "bodyLength": "125",
        "originWeight": "440",
        "fcrAverage": 4.34,
        "rumpWidth": "37",
        "cattleId": "A-002",
        "entryWeight": "420",
        "breed": "Limousin X",
        "totalWeightGained": 75.5,
        "adgSecondLatest": 1.95,
        "salesPricePerKilo": "None"
    },
    "rexFmUY8QHCvB0TsjnbB": {
        "adgSinceLastWeighing": 0.5,
        "salesPrice": 19000000.0,
        "estimatedWeight": 380.5,
        "shrinkage": "46",
        "salesDate": "2024-10-20",
        "feed_ration": {
            "dry_matter_intake_per_cow": 11.766,
            "ingredients": [
                {
                    "BK": "25",
                    "ingredient_name": "Jagung",
                    "as_fed_kg_per_cow": "33",
                    "ingredient_id": "FPoErJtltetmu2DQKLP0"
                },
                {
                    "BK": 87.9,
                    "ingredient_name": "Konsentrat",
                    "as_fed_kg_per_cow": "4",
                    "ingredient_id": "I78aACcNNdL42ISUeJt9"
                }
            ]
        },
        "purchasingPriceKg": 47379.91,
        "purchasingPrice": "21700000",
        "lastWeighing": "2024-10-19",
        "bodyDepth": "tbf",
        "entryDate": "2024-08-23",
        "typeOfOrigin": "Market",
        "totalSales": 19000000.0,
        "backHeight": "tbf",
        "targetDaysOnFeed": "120",
        "topline": "tbf",
        "lastWeiging": "2024-10-29",
        "daysOnFeed": "58",
        "adgPerformance": -0.55,
        "cow_fcr": -15.47,
        "feed_ration_update_date": "2024-10-18",
        "cannonBoneCircumference": "tbf",
        "weight": 380.5,
        "withersHeight": "131",
        "latest_cow_fcr": 0.0,
        "insurancePolis": "OC17122400000-000012",
        "adgSinceSecondToLastWeighing": -1.85,
        "chestDepth": "tbf",
        "hipHeight": "135",
        "origin": "Warujaeng, Nganjuk, Jawa Timur",
        "farm": "None",
        "total_feed_consumption": {
            "Garam": 0.0,
            "Mollases": 0.0,
            "Silase Jagung": 777.8,
            "total_dry_matter_intake": 191.89925,
            "Konsentrat": 128.9,
            "Premix": 0.0,
            "Ampas Tahu": 88.0,
            "Slobber Mix": 0.0,
            "FML": 0.0
        },
        "insurancePayout": 0.0,
        "recordingDate": "tbf",
        "date": "2024-09-22",
        "bodyLength": "tbf",
        "originWeight": "458",
        "rumpWidth": "tbf",
        "purchasingPriceKgEntry": 52669.9,
        "entryWeight": "412",
        "breed": "Simental",
        "totalWeightGained": "\u221231,5",
        "cattleId": "A-012",
        "salesPricePerKilo": 49934.296977660975
    },
    "swfkCAh93xbCh119cCk6": {
        "purchasingPriceKgEntry": 54886.21,
        "salesPrice": "None",
        "estimatedWeight": 468.0,
        "shrinkage": 58.5,
        "salesDate": "2024-12-16",
        "adgLatest": 2.43,
        "purchasingPrice": "20500000",
        "bodyDepth": -1.0,
        "lastWeighing": "2024-10-19",
        "fcrLatest": 18.84,
        "entryDate": "2024-08-18",
        "typeOfOrigin": "Market",
        "totalSales": "None",
        "backHeight": -1.0,
        "targetDaysOnFeed": "120",
        "topline": "172",
        "rationDetailsUpdateDate": "2025-01-07",
        "daysOnFeed": "42",
        "adgAverage": 1.16,
        "purchasingPriceKg": 47453.7,
        "docId": "swfkCAh93xbCh119cCk6",
        "cannonBoneCircumference": -1.0,
        "weight": 538.8,
        "withersHeight": "125",
        "rationDetails": [
            {
                "asFedIntakePerCow": 12.54,
                "dryMatterIntakePerCow": 3.76,
                "rationDetails": [],
                "asFedIntake": 25.09,
                "dryMatterIntake": 7.53,
                "docId": "HXGuvlN5pRys0mSjCQoL",
                "name": "Silase Jagung"
            },
            {
                "asFedIntakePerCow": 19.49,
                "dryMatterIntakePerCow": 8.78,
                "rationDetails": [
                    {
                        "name": "Ampas Tahu",
                        "dryMatterIntakePerCow": 1.81,
                        "rationDetails": "None",
                        "asFedIntake": 22.67,
                        "dryMatterIntake": 3.63,
                        "docId": "ZABCrwJi90G8nJvgBmue",
                        "asFedIntakePerCow": 11.33
                    },
                    {
                        "name": "Konsentrat",
                        "dryMatterIntakePerCow": 6.64,
                        "rationDetails": "None",
                        "asFedIntake": 15.11,
                        "dryMatterIntake": 13.28,
                        "docId": "I78aACcNNdL42ISUeJt9",
                        "asFedIntakePerCow": 7.56
                    },
                    {
                        "name": "Premix",
                        "dryMatterIntakePerCow": 0.03,
                        "rationDetails": "None",
                        "asFedIntake": 0.06,
                        "dryMatterIntake": 0.06,
                        "docId": "yRWJ9tpm55LsqNou3MXY",
                        "asFedIntakePerCow": 0.03
                    },
                    {
                        "name": "Mollases",
                        "dryMatterIntakePerCow": 0.09,
                        "rationDetails": "None",
                        "asFedIntake": 0.25,
                        "dryMatterIntake": 0.18,
                        "docId": "XLr6lgnlGYhOgjCG4nxR",
                        "asFedIntakePerCow": 0.13
                    },
                    {
                        "name": "Garam",
                        "dryMatterIntakePerCow": 0.06,
                        "rationDetails": "None",
                        "asFedIntake": 0.13,
                        "dryMatterIntake": 0.13,
                        "docId": "txE08FeRW9dQmVhpMqG4",
                        "asFedIntakePerCow": 0.06
                    },
                    {
                        "name": "FML",
                        "dryMatterIntakePerCow": 0.14,
                        "rationDetails": "None",
                        "asFedIntake": 0.75,
                        "dryMatterIntake": 0.29,
                        "docId": "jJV0ZztOrj62W4HYOtcP",
                        "asFedIntakePerCow": 0.38
                    }
                ],
                "asFedIntake": 38.98,
                "dryMatterIntake": 17.56,
                "docId": "G4adevmT9DphwiRc4yGs",
                "name": "Slobber Mix"
            }
        ],
        "insurancePolis": "OC17122400000-000008",
        "chestDepth": -1.0,
        "hipHeight": "132",
        "origin": "Warujaeng, Nganjuk, Jawa Timur",
        "farm": "None",
        "insurancePayout": "None",
        "date": "2024-09-22",
        "totalFeedConsumption": {
            "Garam": 8.32,
            "Mollases": 16.3,
            "TotalDryMatterIntake": 989.95,
            "Konsentrat": 974.34,
            "Silase Jagung": 1595.8,
            "Premix": 4.06,
            "Ampas Tahu": 1456.78,
            "Slobber Mix": 2507.35,
            "FML": 48.55
        },
        "bodyLength": "129",
        "originWeight": "432",
        "fcrAverage": 10.3,
        "rumpWidth": -1.0,
        "cattleId": "A-008",
        "entryWeight": 373.5,
        "breed": "Simental",
        "totalWeightGained": 165.3,
        "adgSecondLatest": 0.29,
        "salesPricePerKilo": "None"
    },
    "x0cEeGhpesxYJXfTZNXJ": {
        "purchasingPriceKgEntry": 52941.18,
        "salesPrice": "None",
        "estimatedWeight": 499.0,
        "shrinkage": "29",
        "salesDate": "2024-12-22",
        "adgLatest": 1.36,
        "purchasingPrice": "20700000",
        "bodyDepth": -1.0,
        "lastWeighing": "2024-10-19",
        "fcrLatest": 9.89,
        "entryDate": "2024-08-24",
        "typeOfOrigin": "Market",
        "totalSales": "None",
        "backHeight": -1.0,
        "targetDaysOnFeed": "120",
        "topline": "168",
        "rationDetailsUpdateDate": "2025-01-07",
        "daysOnFeed": "36",
        "adgAverage": 1.29,
        "purchasingPriceKg": 49285.71,
        "docId": "x0cEeGhpesxYJXfTZNXJ",
        "cannonBoneCircumference": -1.0,
        "weight": 566.6,
        "withersHeight": "125",
        "rationDetails": [
            {
                "asFedIntakePerCow": 12.02,
                "dryMatterIntakePerCow": 3.61,
                "rationDetails": [],
                "asFedIntake": 12.02,
                "dryMatterIntake": 3.61,
                "docId": "HXGuvlN5pRys0mSjCQoL",
                "name": "Silase Jagung"
            },
            {
                "asFedIntakePerCow": 18.67,
                "dryMatterIntakePerCow": 8.41,
                "rationDetails": [
                    {
                        "name": "Ampas Tahu",
                        "dryMatterIntakePerCow": 1.74,
                        "rationDetails": "None",
                        "asFedIntake": 10.86,
                        "dryMatterIntake": 1.74,
                        "docId": "ZABCrwJi90G8nJvgBmue",
                        "asFedIntakePerCow": 10.86
                    },
                    {
                        "name": "Konsentrat",
                        "dryMatterIntakePerCow": 6.36,
                        "rationDetails": "None",
                        "asFedIntake": 7.24,
                        "dryMatterIntake": 6.36,
                        "docId": "I78aACcNNdL42ISUeJt9",
                        "asFedIntakePerCow": 7.24
                    },
                    {
                        "name": "Premix",
                        "dryMatterIntakePerCow": 0.03,
                        "rationDetails": "None",
                        "asFedIntake": 0.03,
                        "dryMatterIntake": 0.03,
                        "docId": "yRWJ9tpm55LsqNou3MXY",
                        "asFedIntakePerCow": 0.03
                    },
                    {
                        "name": "Mollases",
                        "dryMatterIntakePerCow": 0.09,
                        "rationDetails": "None",
                        "asFedIntake": 0.12,
                        "dryMatterIntake": 0.09,
                        "docId": "XLr6lgnlGYhOgjCG4nxR",
                        "asFedIntakePerCow": 0.12
                    },
                    {
                        "name": "Garam",
                        "dryMatterIntakePerCow": 0.06,
                        "rationDetails": "None",
                        "asFedIntake": 0.06,
                        "dryMatterIntake": 0.06,
                        "docId": "txE08FeRW9dQmVhpMqG4",
                        "asFedIntakePerCow": 0.06
                    },
                    {
                        "name": "FML",
                        "dryMatterIntakePerCow": 0.14,
                        "rationDetails": "None",
                        "asFedIntake": 0.36,
                        "dryMatterIntake": 0.14,
                        "docId": "jJV0ZztOrj62W4HYOtcP",
                        "asFedIntakePerCow": 0.36
                    }
                ],
                "asFedIntake": 18.67,
                "dryMatterIntake": 8.41,
                "docId": "G4adevmT9DphwiRc4yGs",
                "name": "Slobber Mix"
            }
        ],
        "insurancePolis": "OC17122400000-000014",
        "chestDepth": -1.0,
        "hipHeight": "129",
        "origin": "Jombang Kota",
        "farm": "None",
        "insurancePayout": "None",
        "date": "2024-09-22",
        "totalFeedConsumption": {
            "Garam": 8.17,
            "Mollases": 15.97,
            "TotalDryMatterIntake": 939.27,
            "Konsentrat": 962.98,
            "Silase Jagung": 1621.45,
            "Premix": 3.74,
            "Ampas Tahu": 1471.88,
            "Slobber Mix": 2435.83,
            "FML": 47.1
        },
        "bodyLength": "137",
        "originWeight": "420",
        "fcrAverage": 10.97,
        "rumpWidth": -1.0,
        "cattleId": "A-014",
        "entryWeight": "391",
        "breed": "Limousin",
        "totalWeightGained": 175.6,
        "adgSecondLatest": 0.9,
        "salesPricePerKilo": "None"
    }
}