{
    "FPoErJtltetmu2DQKLP0": {
        "BK": 25.0,
        "Ca": 0.0,
        "PK": 10.0,
        "P": 0.0,
        "Harga": 555.0,
        "TDN": 70.0,
        "PAKAN": "Jagung",
        "NDF": 0.0,
        "LK": 0.0,
        "SK": 0.0
    },
    "HXGuvlN5pRys0mSjCQoL": {
        "BK": 30.0,
        "Ca": 0.0,
        "PK": 8.0,
        "P": 0.0,
        "Harga": 750.0,
        "TDN": 70.0,
        "PAKAN": "Silase Jagung",
        "NDF": 0.0,
        "LK": 0.0,
        "SK": 0.0
    },
    "I78aACcNNdL42ISUeJt9": {
        "BK": 87.9,
        "Ca": 0.07,
        "PK": 14.0,
        "P": 0.65,
        "Harga": 3000.0,
        "TDN": 70.0,
        "PAKAN": "Konsentrat",
        "NDF": 56.4,
        "LK": 2.8,
        "SK": 16.8
    },
    "PV1V7M1AZtHEPfgmzlzg": {
        "BK": 10.0,
        "Ca": 10.0,
        "PK": 10.0,
        "P": 10.0,
        "Harga": 1010.0,
        "TDN": 10.0,
        "PAKAN": "test4000",
        "NDF": 10.0,
        "LK": 10.0,
        "SK": 10.0
    },
    "XLr6lgnlGYhOgjCG4nxR": {
        "BK": 70.9,
        "Ca": 0.07,
        "PK": 10.0,
        "P": 1.38,
        "Harga": 6000.0,
        "TDN": 67.9,
        "PAKAN": "Mollases",
        "NDF": 34.4,
        "LK": 14.1,
        "SK": 16.3
    },
    "ZABCrwJi90G8nJvgBmue": {
        "BK": 16.0,
        "Ca": 0.53,
        "PK": 22.0,
        "P": 0.41,
        "Harga": 900.0,
        "TDN": 77.9,
        "PAKAN": "Ampas Tahu",
        "NDF": 49.7,
        "LK": 5.6,
        "SK": 19.5
    },
    "hVvocBVSLrqCc7jcr30e": {
        "Ca": "0",
        "BK": "20",
        "PK": "5",
        "TDN": "70",
        "Harga": "500",
        "P": "0",
        "docId": "None",
        "PAKAN": "Rumput",
        "NDF": "0",
        "LK": "0",
        "SK": "0"
    },
    "jJV0ZztOrj62W4HYOtcP": {
        "BK": 38.0,
        "Ca": 0.23,
        "PK": 20.0,
        "P": 0.03,
        "Harga": 3000.0,
        "TDN": 77.9,
        "PAKAN": "FML",
        "NDF": 56.4,
        "LK": 0.15,
        "SK": 12.5
    },
    "txE08FeRW9dQmVhpMqG4": {
        "BK": 99.5,
        "Ca": 0.24,
        "PK": 45.5,
        "P": 0.68,
        "Harga": 2400.0,
        "TDN": 83.2,
        "PAKAN": "Garam",
        "NDF": 0.0,
        "LK": 0.0,
        "SK": 0.0
    },
    "yRWJ9tpm55LsqNou3MXY": {
        "BK": 99.0,
        "Ca": 0.08,
        "PK": 0.0,
        "P": 0.0,
        "Harga": 30000.0,
        "TDN": 0.0,
        "PAKAN": "Premix",
        "NDF": 0.0,
        "LK": 0.0,
        "SK": 0.0
    }
}