{
    "3aM6lqRKZbWiZLL8z757": {
        "BK": 34.31,
        "P": 1.3,
        "Qty": 291.44,
        "NDF": 134.17,
        "LK": 11.43,
        "SK": 46.89,
        "Ca": 0.88,
        "ingredients": [
            {
                "BK": "20",
                "totalBK": "25",
                "name": "Rumput",
                "qty": "125",
                "docId": "hVvocBVSLrqCc7jcr30e",
                "ingredient": "None",
                "recipe": "False",
                "asFedPercentage": 42.89
            },
            {
                "BK": 45.06,
                "totalBK": "75",
                "name": "Slobber Mix",
                "qty": 166.44,
                "docId": "G4adevmT9DphwiRc4yGs",
                "ingredient": "None",
                "recipe": "True",
                "asFedPercentage": 57.11
            }
        ],
        "PK": 54.73,
        "hargaPerKiloDryWeight": 3687.32,
        "TDN": 279.8,
        "additives": [],
        "title": "Grass 25 - Slobber 75",
        "hargaPerKiloAsFed": 1265.12
    },
    "3kBx8J3yBHbmQYXQvDeZ": {
        "BK": 36.02,
        "P": 0.87,
        "id": "3kBx8J3yBHbmQYXQvDeZ",
        "Qty": 277.63,
        "NDF": 89.45,
        "LK": 7.62,
        "SK": 31.26,
        "Ca": 0.59,
        "ingredients": [
            {
                "BK": "30",
                "ingredients": [],
                "totalBK": "50",
                "name": "Silase Jagung",
                "qty": 166.67,
                "docId": "HXGuvlN5pRys0mSjCQoL",
                "recipe": "False",
                "asFedPercentage": 60.03
            },
            {
                "BK": 45.06,
                "totalBK": "50",
                "ingredients": [
                    {
                        "qty": "90",
                        "docId": "ZABCrwJi90G8nJvgBmue",
                        "asFedPercentage": 58.16,
                        "totalBK": 20.65,
                        "BK": "16",
                        "name": "Ampas Tahu"
                    },
                    {
                        "BK": 87.9,
                        "docId": "I78aACcNNdL42ISUeJt9",
                        "name": "Konsentrat",
                        "totalBK": 75.63,
                        "qty": "60",
                        "asFedPercentage": 38.77
                    },
                    {
                        "qty": 0.25,
                        "totalBK": 0.35,
                        "name": "Premix",
                        "docId": "yRWJ9tpm55LsqNou3MXY",
                        "BK": "99",
                        "asFedPercentage": 0.16
                    },
                    {
                        "BK": 70.9,
                        "docId": "XLr6lgnlGYhOgjCG4nxR",
                        "asFedPercentage": 0.65,
                        "totalBK": 1.02,
                        "qty": "1",
                        "name": "Mollases"
                    },
                    {
                        "qty": 0.5,
                        "docId": "txE08FeRW9dQmVhpMqG4",
                        "name": "Garam",
                        "totalBK": 0.73,
                        "BK": 99.5,
                        "asFedPercentage": 0.32
                    },
                    {
                        "BK": "38",
                        "docId": "jJV0ZztOrj62W4HYOtcP",
                        "asFedPercentage": 1.94,
                        "totalBK": 1.63,
                        "qty": "3",
                        "name": "FML"
                    }
                ],
                "name": "Slobber Mix",
                "qty": 110.96,
                "docId": "G4adevmT9DphwiRc4yGs",
                "recipe": "True",
                "asFedPercentage": 39.97
            }
        ],
        "PK": 45.66,
        "TDN": 244.87,
        "hargaPerKiloDryWeight": 3291.37,
        "title": "Corn Silage 50 - 50 Slobber Mix",
        "hargaPerKiloAsFed": 1185.55
    },
    "4wrsZKk0SkOJWhBrrAbd": {
        "BK": 40.04,
        "P": 1.3,
        "Qty": 249.77,
        "NDF": 134.17,
        "LK": 11.43,
        "SK": 46.89,
        "Ca": 0.88,
        "ingredients": [
            {
                "BK": "30",
                "totalBK": "25",
                "name": "Silase Jagung",
                "qty": 83.33,
                "docId": "HXGuvlN5pRys0mSjCQoL",
                "ingredient": "None",
                "recipe": "False",
                "asFedPercentage": 33.36
            },
            {
                "BK": 45.06,
                "totalBK": "75",
                "name": "Slobber Mix",
                "qty": 166.44,
                "docId": "G4adevmT9DphwiRc4yGs",
                "ingredient": "None",
                "recipe": "True",
                "asFedPercentage": 66.64
            }
        ],
        "PK": 55.15,
        "hargaPerKiloDryWeight": 3686.74,
        "TDN": 250.64,
        "additives": [],
        "title": "silage 25 - Slobber 75",
        "hargaPerKiloAsFed": 1476.17
    },
    "8xTIZMlTqH9KOVKgH3oK": {
        "BK": 23.46,
        "P": 0.09,
        "Qty": "60",
        "NDF": 10.21,
        "LK": 1.01,
        "SK": 3.79,
        "Ca": 0.09,
        "ingredients": [
            {
                "BK": "20",
                "totalBK": 56.83,
                "name": "Rumput",
                "qty": "40",
                "docId": "hVvocBVSLrqCc7jcr30e",
                "ingredient": "None",
                "recipe": "False",
                "asFedPercentage": 66.67
            },
            {
                "BK": "16",
                "totalBK": 18.19,
                "name": "Ampas Tahu",
                "qty": "16",
                "docId": "ZABCrwJi90G8nJvgBmue",
                "ingredient": "None",
                "recipe": "False",
                "asFedPercentage": 26.67
            },
            {
                "BK": 87.9,
                "totalBK": 24.98,
                "name": "Konsentrat",
                "qty": "4",
                "docId": "I78aACcNNdL42ISUeJt9",
                "ingredient": "None",
                "recipe": "False",
                "asFedPercentage": 6.67
            }
        ],
        "PK": 6.08,
        "hargaPerKiloDryWeight": 3296.38,
        "TDN": 43.26,
        "additives": [],
        "title": "40kg rumput - 16 ampas - 4 concentrat",
        "hargaPerKiloAsFed": 773.33
    },
    "Dexp7rqKwezZsQWImRkg": {
        "BK": 41.21,
        "P": 0.05,
        "id": "Dexp7rqKwezZsQWImRkg",
        "Qty": 37.2,
        "NDF": 4.06,
        "LK": 0.2,
        "SK": 1.21,
        "Ca": 0.01,
        "ingredients": [
            {
                "BK": 30.0,
                "ingredients": [],
                "totalBK": 58.71,
                "name": "Silase Jagung",
                "qty": 30.0,
                "docId": "HXGuvlN5pRys0mSjCQoL",
                "recipe": "False",
                "asFedPercentage": 80.65
            },
            {
                "BK": 87.9,
                "ingredients": [],
                "totalBK": 41.29,
                "name": "Konsentrat",
                "qty": 7.2,
                "docId": "I78aACcNNdL42ISUeJt9",
                "recipe": "False",
                "asFedPercentage": 19.35
            }
        ],
        "PK": 3.41,
        "TDN": 26.04,
        "hargaPerKiloDryWeight": 2876.68,
        "title": "Corn silage 100% - contentrat sublement 7,2",
        "hargaPerKiloAsFed": 1185.48
    },
    "EGPiAGQndmF5XmBHjJwT": {
        "BK": 31.38,
        "P": 0.04,
        "id": "EGPiAGQndmF5XmBHjJwT",
        "Qty": 23.0,
        "NDF": 4.11,
        "LK": 0.39,
        "SK": 1.51,
        "Ca": 0.03,
        "ingredients": [
            {
                "BK": 30.0,
                "ingredients": [],
                "totalBK": 62.35,
                "name": "Silase Jagung",
                "qty": 15.0,
                "docId": "HXGuvlN5pRys0mSjCQoL",
                "recipe": "False",
                "asFedPercentage": 65.22
            },
            {
                "BK": 16.0,
                "ingredients": [],
                "totalBK": 13.3,
                "name": "Ampas Tahu",
                "qty": 6.0,
                "docId": "ZABCrwJi90G8nJvgBmue",
                "recipe": "False",
                "asFedPercentage": 26.09
            },
            {
                "BK": 87.9,
                "ingredients": [],
                "totalBK": 24.36,
                "name": "Konsentrat",
                "qty": 2.0,
                "docId": "I78aACcNNdL42ISUeJt9",
                "recipe": "False",
                "asFedPercentage": 8.7
            }
        ],
        "PK": 2.8,
        "TDN": 16.57,
        "hargaPerKiloDryWeight": 3138.24,
        "title": "corn silage 15 - ampas tahu 6 - concentrat 2",
        "hargaPerKiloAsFed": 984.78
    },
    "G4adevmT9DphwiRc4yGs": {
        "BK": 45.06,
        "P": 0.78,
        "id": "G4adevmT9DphwiRc4yGs",
        "Qty": 154.75,
        "NDF": 80.61,
        "LK": 6.87,
        "SK": 28.17,
        "Ca": 0.53,
        "ingredients": [
            {
                "BK": 16.0,
                "ingredients": [],
                "totalBK": 20.65,
                "name": "Ampas Tahu",
                "qty": 90.0,
                "docId": "ZABCrwJi90G8nJvgBmue",
                "recipe": "False",
                "asFedPercentage": 58.16
            },
            {
                "BK": 87.9,
                "ingredients": [],
                "totalBK": 75.63,
                "name": "Konsentrat",
                "qty": 60.0,
                "docId": "I78aACcNNdL42ISUeJt9",
                "recipe": "False",
                "asFedPercentage": 38.77
            },
            {
                "BK": 99.0,
                "ingredients": [],
                "totalBK": 0.35,
                "name": "Premix",
                "qty": 0.25,
                "docId": "yRWJ9tpm55LsqNou3MXY",
                "recipe": "False",
                "asFedPercentage": 0.16
            },
            {
                "BK": 70.9,
                "ingredients": [],
                "totalBK": 1.02,
                "name": "Mollases",
                "qty": 1.0,
                "docId": "XLr6lgnlGYhOgjCG4nxR",
                "recipe": "False",
                "asFedPercentage": 0.65
            },
            {
                "BK": 99.5,
                "ingredients": [],
                "totalBK": 0.73,
                "name": "Garam",
                "qty": 0.5,
                "docId": "txE08FeRW9dQmVhpMqG4",
                "recipe": "False",
                "asFedPercentage": 0.32
            },
            {
                "BK": 38.0,
                "ingredients": [],
                "totalBK": 1.63,
                "name": "FML",
                "qty": 3.0,
                "docId": "jJV0ZztOrj62W4HYOtcP",
                "recipe": "False",
                "asFedPercentage": 1.94
            }
        ],
        "PK": 29.13,
        "TDN": 115.54,
        "hargaPerKiloDryWeight": 4082.87,
        "title": "Slobber Mix",
        "hargaPerKiloAsFed": 1839.74
    },
    "LSMESsgYshxoJZJoQg5Y": {
        "BK": 34.29,
        "P": 0.02,
        "id": "LSMESsgYshxoJZJoQg5Y",
        "Qty": 32.4,
        "NDF": 1.35,
        "LK": 0.07,
        "SK": 0.4,
        "Ca": 0.0,
        "ingredients": [
            {
                "BK": 30.0,
                "ingredients": [],
                "totalBK": 81.01,
                "name": "Silase Jagung",
                "qty": 30.0,
                "docId": "HXGuvlN5pRys0mSjCQoL",
                "recipe": "False",
                "asFedPercentage": 92.59
            },
            {
                "BK": 87.9,
                "ingredients": [],
                "totalBK": 18.99,
                "name": "Konsentrat",
                "qty": 2.4,
                "docId": "I78aACcNNdL42ISUeJt9",
                "recipe": "False",
                "asFedPercentage": 7.41
            }
        ],
        "PK": 2.74,
        "TDN": 22.68,
        "hargaPerKiloDryWeight": 2673.29,
        "title": "corn silage 100% -- conentrate sub 2.4",
        "hargaPerKiloAsFed": 916.67
    },
    "Rhw7OFTShG3dcIisEIUc": {
        "BK": 21.56,
        "P": 0.04,
        "Qty": "23",
        "NDF": 4.54,
        "LK": 0.48,
        "SK": 1.73,
        "Ca": 0.04,
        "ingredients": [
            {
                "BK": "20",
                "totalBK": 56.47,
                "name": "Rumput",
                "qty": "14",
                "docId": "hVvocBVSLrqCc7jcr30e",
                "ingredient": "None",
                "recipe": "False",
                "asFedPercentage": 60.87
            },
            {
                "BK": "16",
                "totalBK": 25.81,
                "name": "Ampas Tahu",
                "qty": "8",
                "docId": "ZABCrwJi90G8nJvgBmue",
                "ingredient": "None",
                "recipe": "False",
                "asFedPercentage": 34.78
            },
            {
                "BK": 87.9,
                "totalBK": 17.73,
                "name": "Konsentrat",
                "qty": "1",
                "docId": "I78aACcNNdL42ISUeJt9",
                "ingredient": "None",
                "recipe": "False",
                "asFedPercentage": 4.35
            }
        ],
        "PK": 2.6,
        "hargaPerKiloDryWeight": 3468.6,
        "TDN": 16.73,
        "additives": [],
        "title": "allowance grass 14 - tofu 8 - concentrat 1",
        "hargaPerKiloAsFed": 747.83
    },
    "SWo6Ijo1An8wOdl7VTR6": {
        "BK": 37.52,
        "P": 1.04,
        "id": "SWo6Ijo1An8wOdl7VTR6",
        "Qty": 266.49,
        "NDF": 107.34,
        "LK": 9.15,
        "SK": 37.51,
        "Ca": 0.71,
        "ingredients": [
            {
                "BK": "30",
                "ingredients": [],
                "totalBK": "40",
                "name": "Silase Jagung",
                "qty": 133.33,
                "docId": "HXGuvlN5pRys0mSjCQoL",
                "recipe": "False",
                "asFedPercentage": 50.03
            },
            {
                "BK": 45.06,
                "ingredients": [
                    {
                        "BK": "16",
                        "totalBK": 20.65,
                        "asFedPercentage": 58.16,
                        "docId": "ZABCrwJi90G8nJvgBmue",
                        "qty": "90",
                        "name": "Ampas Tahu"
                    },
                    {
                        "qty": "60",
                        "docId": "I78aACcNNdL42ISUeJt9",
                        "asFedPercentage": 38.77,
                        "totalBK": 75.63,
                        "BK": 87.9,
                        "name": "Konsentrat"
                    },
                    {
                        "BK": "99",
                        "docId": "yRWJ9tpm55LsqNou3MXY",
                        "asFedPercentage": 0.16,
                        "totalBK": 0.35,
                        "qty": 0.25,
                        "name": "Premix"
                    },
                    {
                        "qty": "1",
                        "totalBK": 1.02,
                        "asFedPercentage": 0.65,
                        "docId": "XLr6lgnlGYhOgjCG4nxR",
                        "BK": 70.9,
                        "name": "Mollases"
                    },
                    {
                        "BK": 99.5,
                        "docId": "txE08FeRW9dQmVhpMqG4",
                        "asFedPercentage": 0.32,
                        "totalBK": 0.73,
                        "qty": 0.5,
                        "name": "Garam"
                    },
                    {
                        "BK": "38",
                        "totalBK": 1.63,
                        "asFedPercentage": 1.94,
                        "docId": "jJV0ZztOrj62W4HYOtcP",
                        "qty": "3",
                        "name": "FML"
                    }
                ],
                "totalBK": "60",
                "asFedPercentage": 49.97,
                "qty": 133.16,
                "docId": "G4adevmT9DphwiRc4yGs",
                "recipe": "True",
                "name": "Slobber Mix"
            }
        ],
        "PK": 49.45,
        "TDN": 247.18,
        "hargaPerKiloDryWeight": 3450.19,
        "title": "Corn Silage 40 - 60 Slobber Mix",
        "hargaPerKiloAsFed": 1294.51
    },
    "Uz9FBtU717fFtE9gCDSB": {
        "BK": 30.05,
        "P": 0.02,
        "Qty": "35",
        "NDF": 2.55,
        "LK": 0.25,
        "SK": 0.95,
        "Ca": 0.02,
        "ingredients": [
            {
                "BK": "30",
                "totalBK": 85.57,
                "name": "Silase Jagung",
                "qty": "30",
                "docId": "HXGuvlN5pRys0mSjCQoL",
                "ingredient": "None",
                "recipe": "False",
                "asFedPercentage": 85.71
            },
            {
                "BK": "16",
                "totalBK": 6.09,
                "name": "Ampas Tahu",
                "qty": "4",
                "docId": "ZABCrwJi90G8nJvgBmue",
                "ingredient": "None",
                "recipe": "False",
                "asFedPercentage": 11.43
            },
            {
                "BK": 87.9,
                "totalBK": 8.36,
                "name": "Konsentrat",
                "qty": "1",
                "docId": "I78aACcNNdL42ISUeJt9",
                "ingredient": "None",
                "recipe": "False",
                "asFedPercentage": 2.86
            }
        ],
        "PK": 3.42,
        "hargaPerKiloDryWeight": 2766.82,
        "TDN": 24.82,
        "additives": [],
        "title": "Cornsilate 30 - tofu 4 contentrat 1",
        "hargaPerKiloAsFed": 831.43
    },
    "Zuk6Zd0vzZdvQZZtdBl1": {
        "BK": 39.16,
        "P": 1.21,
        "id": "Zuk6Zd0vzZdvQZZtdBl1",
        "Qty": 255.35,
        "NDF": 125.23,
        "LK": 10.67,
        "SK": 43.76,
        "Ca": 0.82,
        "ingredients": [
            {
                "BK": "30",
                "ingredients": [],
                "totalBK": "30",
                "asFedPercentage": 39.16,
                "qty": "100",
                "docId": "HXGuvlN5pRys0mSjCQoL",
                "recipe": "False",
                "name": "Silase Jagung"
            },
            {
                "BK": 45.06,
                "totalBK": "70",
                "ingredients": [
                    {
                        "BK": "16",
                        "docId": "ZABCrwJi90G8nJvgBmue",
                        "name": "Ampas Tahu",
                        "totalBK": 20.65,
                        "qty": "90",
                        "asFedPercentage": 58.16
                    },
                    {
                        "qty": "60",
                        "totalBK": 75.63,
                        "asFedPercentage": 38.77,
                        "docId": "I78aACcNNdL42ISUeJt9",
                        "BK": 87.9,
                        "name": "Konsentrat"
                    },
                    {
                        "qty": 0.25,
                        "totalBK": 0.35,
                        "name": "Premix",
                        "docId": "yRWJ9tpm55LsqNou3MXY",
                        "BK": "99",
                        "asFedPercentage": 0.16
                    },
                    {
                        "qty": "1",
                        "docId": "XLr6lgnlGYhOgjCG4nxR",
                        "asFedPercentage": 0.65,
                        "totalBK": 1.02,
                        "BK": 70.9,
                        "name": "Mollases"
                    },
                    {
                        "BK": 99.5,
                        "docId": "txE08FeRW9dQmVhpMqG4",
                        "asFedPercentage": 0.32,
                        "totalBK": 0.73,
                        "qty": 0.5,
                        "name": "Garam"
                    },
                    {
                        "qty": "3",
                        "totalBK": 1.63,
                        "asFedPercentage": 1.94,
                        "docId": "jJV0ZztOrj62W4HYOtcP",
                        "BK": "38",
                        "name": "FML"
                    }
                ],
                "asFedPercentage": 60.84,
                "qty": 155.35,
                "docId": "G4adevmT9DphwiRc4yGs",
                "recipe": "True",
                "name": "Slobber Mix"
            }
        ],
        "PK": 53.25,
        "TDN": 249.49,
        "hargaPerKiloDryWeight": 3608.2,
        "title": "Corn Silage 30 - 70 Slobber Mix",
        "hargaPerKiloAsFed": 1412.97
    },
    "b6nddHURhKFBMcKvd7IO": {
        "BK": 40.76,
        "P": NaN,
        "id": "b6nddHURhKFBMcKvd7IO",
        "Qty": 27.6,
        "NDF": NaN,
        "LK": NaN,
        "SK": NaN,
        "Ca": NaN,
        "ingredients": [
            {
                "BK": "30",
                "ingredients": [],
                "totalBK": "48",
                "name": "Silase Jagung",
                "qty": "18",
                "docId": "HXGuvlN5pRys0mSjCQoL",
                "recipe": "False",
                "asFedPercentage": 65.22
            },
            {
                "BK": "16",
                "ingredients": [],
                "totalBK": 5.12,
                "asFedPercentage": 13.04,
                "qty": 3.6,
                "docId": "ZABCrwJi90G8nJvgBmue",
                "recipe": "False",
                "name": "Ampas Tahu"
            },
            {
                "BK": 87.9,
                "ingredients": [],
                "totalBK": 46.88,
                "name": "Konsentrat",
                "qty": "6",
                "docId": "I78aACcNNdL42ISUeJt9",
                "recipe": "False",
                "asFedPercentage": 21.74
            }
        ],
        "PK": 3.07,
        "TDN": 19.6,
        "hargaPerKiloDryWeight": 3088.08,
        "title": "corn silage 18 - tofu 3.6 - concentrat 6",
        "hargaPerKiloAsFed": 1258.7
    },
    "c9VORXwuyWoypWbX622T": {
        "BK": 35.9,
        "P": 0.05,
        "id": "c9VORXwuyWoypWbX622T",
        "Qty": 25.0,
        "NDF": 5.24,
        "LK": 0.45,
        "SK": 1.84,
        "Ca": 0.03,
        "ingredients": [
            {
                "BK": 30.0,
                "ingredients": [],
                "totalBK": 50.13,
                "name": "Silase Jagung",
                "qty": 15.0,
                "docId": "HXGuvlN5pRys0mSjCQoL",
                "recipe": "False",
                "asFedPercentage": 60.0
            },
            {
                "BK": 16.0,
                "ingredients": [],
                "totalBK": 10.7,
                "name": "Ampas Tahu",
                "qty": 6.0,
                "docId": "ZABCrwJi90G8nJvgBmue",
                "recipe": "False",
                "asFedPercentage": 24.0
            },
            {
                "BK": 87.9,
                "ingredients": [],
                "totalBK": 39.17,
                "name": "Konsentrat",
                "qty": 4.0,
                "docId": "I78aACcNNdL42ISUeJt9",
                "recipe": "False",
                "asFedPercentage": 16.0
            }
        ],
        "PK": 3.08,
        "TDN": 17.97,
        "hargaPerKiloDryWeight": 3192.2,
        "title": "cornsilage 15 - ampas tahu 6 - concentrat 4",
        "hargaPerKiloAsFed": 1146.0
    },
    "mHrODlkUA23uc2vhdmoW": {
        "BK": 30.0,
        "P": 0.0,
        "id": "mHrODlkUA23uc2vhdmoW",
        "Qty": 333.33,
        "NDF": 0.0,
        "LK": 0.0,
        "SK": 0.0,
        "Ca": 0.0,
        "ingredients": [
            {
                "BK": 30.0,
                "ingredients": [],
                "totalBK": 100.0,
                "name": "Silase Jagung",
                "qty": 333.33,
                "docId": "HXGuvlN5pRys0mSjCQoL",
                "recipe": "False",
                "asFedPercentage": 100.0
            }
        ],
        "PK": 26.67,
        "TDN": 233.33,
        "hargaPerKiloDryWeight": 2500.0,
        "title": "Corn Silage - 100% forage",
        "hargaPerKiloAsFed": 750.0
    },
    "pG7tOVxylTYCEvpq5twD": {
        "BK": 36.03,
        "P": 1.38,
        "Qty": 277.54,
        "NDF": 143.11,
        "LK": 12.2,
        "SK": 50.01,
        "Ca": 0.94,
        "ingredients": [
            {
                "BK": 45.06,
                "totalBK": "80",
                "name": "Slobber Mix",
                "qty": 177.54,
                "docId": "G4adevmT9DphwiRc4yGs",
                "ingredient": "None",
                "recipe": "True",
                "asFedPercentage": 63.97
            },
            {
                "BK": "20",
                "totalBK": "20",
                "name": "Rumput",
                "qty": "100",
                "docId": "hVvocBVSLrqCc7jcr30e",
                "ingredient": "None",
                "recipe": "False",
                "asFedPercentage": 36.03
            }
        ],
        "PK": 56.72,
        "hargaPerKiloDryWeight": 3766.36,
        "TDN": 275.13,
        "additives": [],
        "title": "Grass 20- slobber 80",
        "hargaPerKiloAsFed": 1357.02
    },
    "rOAFiDWvWpDo2Y9wUhSf": {
        "BK": 40.95,
        "P": 1.38,
        "id": "rOAFiDWvWpDo2Y9wUhSf",
        "Qty": 244.21,
        "NDF": 143.12,
        "LK": 12.2,
        "SK": 50.01,
        "Ca": 0.94,
        "ingredients": [
            {
                "BK": "30",
                "ingredients": [],
                "totalBK": "20",
                "asFedPercentage": 27.3,
                "qty": 66.67,
                "docId": "HXGuvlN5pRys0mSjCQoL",
                "recipe": "False",
                "name": "Silase Jagung"
            },
            {
                "BK": 45.06,
                "totalBK": "80",
                "ingredients": [
                    {
                        "BK": "16",
                        "totalBK": 20.65,
                        "asFedPercentage": 36.85,
                        "docId": "ZABCrwJi90G8nJvgBmue",
                        "qty": "90",
                        "name": "Ampas Tahu"
                    },
                    {
                        "BK": 87.9,
                        "docId": "I78aACcNNdL42ISUeJt9",
                        "asFedPercentage": 24.57,
                        "totalBK": 75.63,
                        "qty": "60",
                        "name": "Konsentrat"
                    },
                    {
                        "qty": 0.25,
                        "docId": "yRWJ9tpm55LsqNou3MXY",
                        "asFedPercentage": 0.1,
                        "totalBK": 0.35,
                        "BK": "99",
                        "name": "Premix"
                    },
                    {
                        "BK": 70.9,
                        "totalBK": 1.02,
                        "name": "Mollases",
                        "docId": "XLr6lgnlGYhOgjCG4nxR",
                        "qty": "1",
                        "asFedPercentage": 0.41
                    },
                    {
                        "BK": 99.5,
                        "totalBK": 0.73,
                        "name": "Garam",
                        "docId": "txE08FeRW9dQmVhpMqG4",
                        "qty": 0.5,
                        "asFedPercentage": 0.2
                    },
                    {
                        "qty": "3",
                        "totalBK": 1.63,
                        "name": "FML",
                        "docId": "jJV0ZztOrj62W4HYOtcP",
                        "BK": "38",
                        "asFedPercentage": 1.23
                    }
                ],
                "name": "Slobber Mix",
                "qty": 177.54,
                "docId": "G4adevmT9DphwiRc4yGs",
                "recipe": "True",
                "asFedPercentage": 72.7
            }
        ],
        "PK": 57.05,
        "TDN": 251.8,
        "hargaPerKiloDryWeight": 3766.18,
        "title": "Corn Silage 20 - 80 Slobber Mix",
        "hargaPerKiloAsFed": 1542.25
    },
    "ytWqP9eztIN1anjHVNdl": {
        "BK": 38.92,
        "P": 0.12,
        "Qty": "27",
        "NDF": 12.9,
        "LK": 1.1,
        "SK": 4.51,
        "Ca": 0.08,
        "ingredients": [
            {
                "BK": 45.06,
                "totalBK": 68.61,
                "name": "Slobber Mix",
                "qty": "16",
                "docId": "G4adevmT9DphwiRc4yGs",
                "ingredient": "None",
                "recipe": "True",
                "asFedPercentage": 59.26
            },
            {
                "BK": "30",
                "totalBK": 31.4,
                "name": "Silase Jagung",
                "qty": "11",
                "docId": "HXGuvlN5pRys0mSjCQoL",
                "ingredient": "None",
                "recipe": "False",
                "asFedPercentage": 40.74
            }
        ],
        "PK": 5.54,
        "hargaPerKiloDryWeight": 3586.25,
        "TDN": 26.19,
        "additives": [],
        "title": "Slobber 16 - Jagung 11",
        "hargaPerKiloAsFed": 1395.77
    },
    "zCY0SMUpkTbQYJcdz8xF": {
        "BK": 25.0,
        "P": 0.0,
        "id": "zCY0SMUpkTbQYJcdz8xF",
        "Qty": 400.0,
        "NDF": 0.0,
        "LK": 0.0,
        "SK": 0.0,
        "Ca": 0.0,
        "ingredients": [
            {
                "BK": 25.0,
                "ingredients": [],
                "totalBK": 100.0,
                "name": "Jagung",
                "qty": 400.0,
                "docId": "FPoErJtltetmu2DQKLP0",
                "recipe": "False",
                "asFedPercentage": 100.0
            }
        ],
        "PK": 40.0,
        "TDN": 280.0,
        "hargaPerKiloDryWeight": 2220.0,
        "title": "Fresh Corn 100% forage",
        "hargaPerKiloAsFed": 555.0
    }
}