{
    "0pf4LSE0x875HpM8jI3K": {
        "docId": "None",
        "data": {
            "date": "2025-02-16",
            "totalFeedConsumption": {},
            "rationDetails": {
                "Silase JagungPerDay": 99.5,
                "dryMatterIntakePerDay": 165.96
            }
        }
    },
    "1U5Z3z9Wb5bHJWnOxVIo": {
        "docId": "None",
        "data": {
            "date": "2025-05-20",
            "totalFeedConsumption": {},
            "rationDetails": {
                "Silase JagungPerDay": 111.0,
                "RumputPerDay": 83.0,
                "dryMatterIntakePerDay": 225.54
            }
        }
    },
    "1zYyH07X9jXlWZQl3Zyl": {
        "docId": "None",
        "data": {
            "date": "2025-05-12",
            "totalFeedConsumption": {},
            "rationDetails": {
                "Silase JagungPerDay": 705.0,
                "RumputPerDay": 525.5,
                "Slobber MixPerDay": 96.7,
                "Ampas TahuPerDay": 218.0,
                "dryMatterIntakePerDay": 225.54
            }
        }
    },
    "2GLF01V6JBNeAPTaIKmM": {
        "docId": "None",
        "data": {
            "date": "2025-05-05",
            "totalFeedConsumption": {},
            "rationDetails": {
                "Silase JagungPerDay": 555.0,
                "RumputPerDay": 417.5,
                "dryMatterIntakePerDay": 225.54
            }
        }
    },
    "3hxNpCk2uui98Q3RJxjm": {
        "docId": "None",
        "data": {
            "date": "2025-01-28",
            "totalFeedConsumption": {},
            "rationDetails": {
                "Silase JagungPerDay": 269.5,
                "dryMatterIntakePerDay": 139.25
            }
        }
    },
    "5BCMR4YTaq4kO2qFkzWk": {
        "docId": "None",
        "data": {
            "date": "2025-02-24",
            "totalFeedConsumption": {},
            "rationDetails": {
                "Silase JagungPerDay": 441.5,
                "RumputPerDay": 112.0,
                "Slobber MixPerDay": 93.42,
                "Ampas TahuPerDay": 53.5,
                "dryMatterIntakePerDay": 165.96
            }
        }
    },
    "5MHWqd6Kp3AieOIVR5dD": {
        "docId": "None",
        "data": {
            "date": "2025-03-05",
            "totalFeedConsumption": {},
            "rationDetails": {
                "Silase JagungPerDay": 1463.0,
                "RumputPerDay": 112.0,
                "Slobber MixPerDay": 569.32,
                "Ampas TahuPerDay": 602.0,
                "dryMatterIntakePerDay": 165.96
            }
        }
    },
    "5TnQvRgN8yre2l82gnEB": {
        "date": "2025-02-16",
        "totalFeedConsumption": {
            "TotalDryMatterIntake_Total": 11771.33,
            "total_dry_matter_intake_Total": 8484.96,
            "Konsentrat_Total": 13845.2,
            "Silase Jagung_Total": 23674.53,
            "Ampas Tahu_Total": 20806.59,
            "Mollases_Total": 224.74,
            "Slobber Mix_Total": 33210.26,
            "FML_Total": 709.53,
            "Garam_Total": 117.29,
            "Premix_Total": 57.12
        },
        "rationDetails": {
            "dryMatterIntakePerDay": 165.96
        }
    },
    "5ktlLyj6UGEdmh3oIXpo": {
        "docId": "None",
        "data": {
            "date": "2025-03-11",
            "totalFeedConsumption": {},
            "rationDetails": {
                "Silase JagungPerDay": 1567.0,
                "RumputPerDay": 112.0,
                "Slobber MixPerDay": 613.82,
                "Ampas TahuPerDay": 659.0,
                "dryMatterIntakePerDay": 165.96
            }
        }
    },
    "5lj390CoImRiHjD5ptt6": {
        "docId": "None",
        "data": {
            "date": "2025-02-07",
            "totalFeedConsumption": {},
            "rationDetails": {
                "Silase JagungPerDay": 88.0,
                "dryMatterIntakePerDay": 136.27
            }
        }
    },
    "5uWUgvCd8MTOzAnjTWOU": {
        "docId": "None",
        "data": {
            "date": "2025-01-28",
            "totalFeedConsumption": {},
            "rationDetails": {
                "Silase JagungPerDay": 407.0,
                "dryMatterIntakePerDay": 139.25
            }
        }
    },
    "8C5bAxtmyvtZyaUqsxcU": {
        "docId": "None",
        "data": {
            "date": "2025-05-22",
            "totalFeedConsumption": {},
            "rationDetails": {
                "Silase JagungPerDay": 705.0,
                "RumputPerDay": 957.0,
                "Slobber MixPerDay": 128.7,
                "Ampas TahuPerDay": 398.0,
                "dryMatterIntakePerDay": 225.54
            }
        }
    },
    "8W4uQsBXyif79N2QWRw3": {
        "docId": "None",
        "data": {
            "date": "2025-05-31",
            "totalFeedConsumption": {},
            "rationDetails": {
                "Silase JagungPerDay": 222.0,
                "RumputPerDay": 166.0,
                "dryMatterIntakePerDay": 225.54
            }
        }
    },
    "9Lyse7HvuEgsdipLvLaF": {
        "date": "2025-01-07",
        "totalFeedConsumption": {
            "TotalDryMatterIntake_Total": 11771.33,
            "total_dry_matter_intake_Total": 4248.21,
            "Konsentrat_Total": 11282.3,
            "Silase Jagung_Total": 19437.78,
            "Ampas Tahu_Total": 17002.79,
            "Mollases_Total": 187.83,
            "Slobber Mix_Total": 28955.3,
            "FML_Total": 559.96,
            "Garam_Total": 95.59,
            "Premix_Total": 46.27
        },
        "rationDetails": {
            "dryMatterIntakePerDay": 139.25
        }
    },
    "9xrkxXGdeh1xHrKk2Z84": {
        "docId": "None",
        "data": {
            "date": "2025-01-07",
            "totalFeedConsumption": {},
            "rationDetails": {
                "Silase JagungPerDay": 139.25,
                "dryMatterIntakePerDay": 146.49
            }
        }
    },
    "An2FjGtNuGl54tZG7Xpt": {
        "docId": "None",
        "data": {
            "date": "2025-03-14",
            "totalFeedConsumption": {},
            "rationDetails": {
                "Silase JagungPerDay": 1678.0,
                "RumputPerDay": 112.0,
                "Slobber MixPerDay": 653.82,
                "Ampas TahuPerDay": 709.5,
                "dryMatterIntakePerDay": 165.96
            }
        }
    },
    "C8VXAf1zT57b2ZDATw7Q": {
        "docId": "None",
        "data": {
            "date": "2025-03-05",
            "totalFeedConsumption": {},
            "rationDetails": {
                "Silase JagungPerDay": 647.0,
                "RumputPerDay": 112.0,
                "Slobber MixPerDay": 229.32,
                "Ampas TahuPerDay": 162.0,
                "dryMatterIntakePerDay": 165.96
            }
        }
    },
    "Cy8f2N3Q90ZwwJLHI2wG": {
        "date": "2025-02-04",
        "totalFeedConsumption": {
            "TotalDryMatterIntake_Total": 11771.33,
            "total_dry_matter_intake_Total": 7122.26,
            "Konsentrat_Total": 13020.2,
            "Silase Jagung_Total": 22299.53,
            "Ampas Tahu_Total": 19591.59,
            "Mollases_Total": 216.94,
            "Slobber Mix_Total": 32275.26,
            "FML_Total": 656.93,
            "Garam_Total": 110.19,
            "Premix_Total": 53.62
        },
        "rationDetails": {
            "dryMatterIntakePerDay": 136.27
        }
    },
    "DnMk1mjl2IEnbmwgv4Hp": {
        "date": "2025-01-17",
        "totalFeedConsumption": {
            "TotalDryMatterIntake_Total": 11771.33,
            "total_dry_matter_intake_Total": 4248.21,
            "Konsentrat_Total": 11282.3,
            "Silase Jagung_Total": 19437.78,
            "Ampas Tahu_Total": 17002.79,
            "Mollases_Total": 187.83,
            "Slobber Mix_Total": 28955.3,
            "FML_Total": 559.96,
            "Garam_Total": 95.59,
            "Premix_Total": 46.27
        },
        "rationDetails": {
            "dryMatterIntakePerDay": 139.25
        }
    },
    "DwEWHAZWOvyG3WPz0Dbd": {
        "date": "2025-04-18",
        "totalFeedConsumption": {
            "TotalDryMatterIntake_Total": 11771.33,
            "total_dry_matter_intake_Total": 34311.25,
            "Rumput_Total": 3782.0,
            "Konsentrat_Total": 21996.7,
            "Silase Jagung_Total": 29954.53,
            "Ampas Tahu_Total": 33654.09,
            "Mollases_Total": 316.12,
            "Slobber Mix_Total": 50930.71,
            "FML_Total": 1113.56,
            "Garam_Total": 191.26,
            "Premix_Total": 90.69
        },
        "rationDetails": {
            "dryMatterIntakePerDay": 225.54
        }
    },
    "F1vqv6IQzJ3k6IDqbgKY": {
        "docId": "None",
        "data": {
            "date": "2025-02-07",
            "totalFeedConsumption": {},
            "rationDetails": {
                "Silase JagungPerDay": 251.0,
                "dryMatterIntakePerDay": 165.96
            }
        }
    },
    "G2ioE6KcXIpe3BMHbekZ": {
        "docId": "None",
        "data": {
            "date": "2025-05-13",
            "totalFeedConsumption": {},
            "rationDetails": {
                "Silase JagungPerDay": 705.0,
                "RumputPerDay": 565.5,
                "Slobber MixPerDay": 128.7,
                "Ampas TahuPerDay": 398.0,
                "dryMatterIntakePerDay": 225.54
            }
        }
    },
    "Gi0z9EnVRuo2QyukwJO7": {
        "date": "2025-04-17",
        "totalFeedConsumption": {
            "TotalDryMatterIntake_Total": 11771.33,
            "total_dry_matter_intake_Total": 34311.25,
            "Rumput_Total": 3782.0,
            "Konsentrat_Total": 21996.7,
            "Silase Jagung_Total": 29954.53,
            "Ampas Tahu_Total": 33654.09,
            "Mollases_Total": 316.12,
            "Slobber Mix_Total": 50930.71,
            "FML_Total": 1113.56,
            "Garam_Total": 191.26,
            "Premix_Total": 90.69
        },
        "rationDetails": {
            "dryMatterIntakePerDay": 225.54
        }
    },
    "H0DwsdQcl8zt4KKhbTFY": {
        "docId": "None",
        "data": {
            "date": "2025-02-12",
            "totalFeedConsumption": {},
            "rationDetails": {
                "RumputPerDay": 98.0,
                "dryMatterIntakePerDay": 131.24
            }
        }
    },
    "HFjesnwTtFWtADSIuKrX": {
        "docId": "None",
        "data": {
            "date": "2025-03-05",
            "totalFeedConsumption": {},
            "rationDetails": {
                "Silase JagungPerDay": 1157.0,
                "RumputPerDay": 112.0,
                "Slobber MixPerDay": 441.82,
                "Ampas TahuPerDay": 437.0,
                "dryMatterIntakePerDay": 165.96
            }
        }
    },
    "PQQxRdP8FVJpXHQsHmuN": {
        "docId": "None",
        "data": {
            "date": "2025-03-05",
            "totalFeedConsumption": {},
            "rationDetails": {
                "Silase JagungPerDay": 1361.0,
                "RumputPerDay": 112.0,
                "Slobber MixPerDay": 526.82,
                "Ampas TahuPerDay": 547.0,
                "dryMatterIntakePerDay": 165.96
            }
        }
    },
    "RSRC7kgriskYZQL3fsEk": {
        "date": "2025-01-04",
        "totalFeedConsumption": {
            "TotalDryMatterIntake_Total": 11771.33,
            "Konsentrat_Total": 8723.92,
            "Silase Jagung_Total": 15190.15,
            "Ampas Tahu_Total": 13164.64,
            "Mollases_Total": 144.91,
            "Slobber Mix_Total": 22355.48,
            "FML_Total": 432.65,
            "Garam_Total": 73.84,
            "Premix_Total": 36.12
        },
        "rationDetails": {
            "dryMatterIntakePerDay": 146.49
        }
    },
    "RcysuTtU0z6HUhd9CFsT": {
        "docId": "None",
        "data": {
            "date": "2025-02-12",
            "totalFeedConsumption": {},
            "rationDetails": {
                "Silase JagungPerDay": 342.0,
                "RumputPerDay": 14.0,
                "dryMatterIntakePerDay": 165.96
            }
        }
    },
    "S4JyUXTrQH3IWJ0iTKni": {
        "docId": "None",
        "data": {
            "date": "2025-03-05",
            "totalFeedConsumption": {},
            "rationDetails": {
                "Silase JagungPerDay": 851.0,
                "RumputPerDay": 112.0,
                "Slobber MixPerDay": 314.32,
                "Ampas TahuPerDay": 272.0,
                "dryMatterIntakePerDay": 165.96
            }
        }
    },
    "ScZ1doCyEPKh1jDAMaVf": {
        "date": "2025-04-17",
        "totalFeedConsumption": {
            "TotalDryMatterIntake_Total": 11771.33,
            "total_dry_matter_intake_Total": 34311.25,
            "Rumput_Total": 3782.0,
            "Konsentrat_Total": 21996.7,
            "Silase Jagung_Total": 29954.53,
            "Ampas Tahu_Total": 33654.09,
            "Mollases_Total": 316.12,
            "Slobber Mix_Total": 50930.71,
            "FML_Total": 1113.56,
            "Garam_Total": 191.26,
            "Premix_Total": 90.69
        },
        "rationDetails": {
            "dryMatterIntakePerDay": 225.54
        }
    },
    "T2CxcshpyKw0BNNlHfHE": {
        "docId": "None",
        "data": {
            "date": "2025-04-25",
            "totalFeedConsumption": {},
            "rationDetails": {
                "Silase JagungPerDay": 585.0,
                "RumputPerDay": 417.5,
                "dryMatterIntakePerDay": 225.54
            }
        }
    },
    "TcX1sKgQ8WzNiqGosdaQ": {
        "docId": "None",
        "data": {
            "date": "2025-02-12",
            "totalFeedConsumption": {},
            "rationDetails": {
                "Silase JagungPerDay": 342.0,
                "RumputPerDay": 98.0,
                "dryMatterIntakePerDay": 165.96
            }
        }
    },
    "XJuImRUQgdklc0nxYruP": {
        "docId": "None",
        "data": {
            "date": "2025-05-05",
            "totalFeedConsumption": {},
            "rationDetails": {
                "Silase JagungPerDay": 615.0,
                "RumputPerDay": 417.5,
                "Slobber MixPerDay": 32.0,
                "Ampas TahuPerDay": 180.0,
                "dryMatterIntakePerDay": 225.54
            }
        }
    },
    "YhFc1eejLb5J4lYByr3p": {
        "docId": "None",
        "data": {
            "date": "2025-01-18",
            "totalFeedConsumption": {},
            "rationDetails": {
                "Silase JagungPerDay": 133.0,
                "dryMatterIntakePerDay": 139.25
            }
        }
    },
    "dujef8K1fYOh86Y4o5EA": {
        "docId": "None",
        "data": {
            "date": "2025-04-20",
            "totalFeedConsumption": {},
            "rationDetails": {
                "Silase JagungPerDay": 333.0,
                "RumputPerDay": 249.0,
                "dryMatterIntakePerDay": 225.54
            }
        }
    },
    "eiHitaCRfbC2jiXo6e04": {
        "docId": "None",
        "data": {
            "date": "2025-05-08",
            "totalFeedConsumption": {},
            "rationDetails": {
                "Silase JagungPerDay": 705.0,
                "RumputPerDay": 525.5,
                "Slobber MixPerDay": 112.7,
                "Ampas TahuPerDay": 308.0,
                "dryMatterIntakePerDay": 225.54
            }
        }
    },
    "etfiCX1lpDHvCaMeErUO": {
        "docId": "None",
        "data": {
            "date": "2025-04-29",
            "totalFeedConsumption": {},
            "rationDetails": {
                "Silase JagungPerDay": 444.0,
                "RumputPerDay": 332.0,
                "dryMatterIntakePerDay": 225.54
            }
        }
    },
    "fBtO0UDyp7SXPOY0nLGU": {
        "docId": "None",
        "data": {
            "date": "2025-04-04",
            "totalFeedConsumption": {},
            "rationDetails": {
                "Silase JagungPerDay": 2006.5,
                "RumputPerDay": 271.0,
                "Slobber MixPerDay": 744.23,
                "Ampas TahuPerDay": 761.5,
                "dryMatterIntakePerDay": 165.96
            }
        }
    },
    "fKAN4XFjA8PqhUVgecTb": {
        "docId": "None",
        "data": {
            "date": "2024-11-29",
            "totalFeedConsumption": {},
            "rationDetails": {
                "Silase JagungPerDay": 336.64,
                "dryMatterIntakePerDay": 64.11
            }
        }
    },
    "hbroYnTipnazylQMEG6k": {
        "docId": "None",
        "data": {
            "date": "2025-03-01",
            "totalFeedConsumption": {},
            "rationDetails": {
                "Silase JagungPerDay": 545.0,
                "RumputPerDay": 112.0,
                "Slobber MixPerDay": 186.82,
                "Ampas TahuPerDay": 107.0,
                "dryMatterIntakePerDay": 165.96
            }
        }
    },
    "hjFGOD9KGoMu8OmTXftK": {
        "docId": "None",
        "data": {
            "date": "2025-04-10",
            "totalFeedConsumption": {},
            "rationDetails": {
                "Silase JagungPerDay": 2114.5,
                "RumputPerDay": 350.5,
                "Slobber MixPerDay": 744.23,
                "Ampas TahuPerDay": 761.5,
                "dryMatterIntakePerDay": 165.96
            }
        }
    },
    "hjKOIanjMkCCggiHHRnK": {
        "docId": "None",
        "data": {
            "date": "2025-05-14",
            "totalFeedConsumption": {},
            "rationDetails": {
                "Silase JagungPerDay": 705.0,
                "RumputPerDay": 605.5,
                "Slobber MixPerDay": 128.7,
                "Ampas TahuPerDay": 398.0,
                "dryMatterIntakePerDay": 225.54
            }
        }
    },
    "j6jWfcC60zbrDHLsAlDz": {
        "docId": "None",
        "data": {
            "date": "2025-03-05",
            "totalFeedConsumption": {},
            "rationDetails": {
                "Silase JagungPerDay": 953.0,
                "RumputPerDay": 112.0,
                "Slobber MixPerDay": 356.82,
                "Ampas TahuPerDay": 327.0,
                "dryMatterIntakePerDay": 165.96
            }
        }
    },
    "jfUx5YgJoLT6PJS1iTP7": {
        "date": "2025-02-11",
        "totalFeedConsumption": {
            "TotalDryMatterIntake_Total": 11771.33,
            "total_dry_matter_intake_Total": 8484.96,
            "Konsentrat_Total": 13845.2,
            "Silase Jagung_Total": 23674.53,
            "Ampas Tahu_Total": 20806.59,
            "Mollases_Total": 224.74,
            "Slobber Mix_Total": 33210.26,
            "FML_Total": 709.53,
            "Garam_Total": 117.29,
            "Premix_Total": 57.12
        },
        "rationDetails": {
            "dryMatterIntakePerDay": 131.24
        }
    },
    "jfkrMDWkunznvmZCZrIx": {
        "docId": "None",
        "data": {
            "date": "2025-02-07",
            "totalFeedConsumption": {},
            "rationDetails": {
                "Silase JagungPerDay": 163.0,
                "dryMatterIntakePerDay": 165.96
            }
        }
    },
    "js17CZWeMCkoUe5VxgOZ": {
        "docId": "None",
        "data": {
            "date": "2025-02-16",
            "totalFeedConsumption": {},
            "rationDetails": {
                "Silase JagungPerDay": 342.0,
                "dryMatterIntakePerDay": 165.96
            }
        }
    },
    "kGGAOLyx2jLmytrGS40M": {
        "docId": "None",
        "data": {
            "date": "2025-03-05",
            "totalFeedConsumption": {},
            "rationDetails": {
                "Silase JagungPerDay": 749.0,
                "RumputPerDay": 112.0,
                "Slobber MixPerDay": 271.82,
                "Ampas TahuPerDay": 217.0,
                "dryMatterIntakePerDay": 165.96
            }
        }
    },
    "mCsiC2Unp2KE0PuuGR2b": {
        "docId": "None",
        "data": {
            "date": "2025-03-05",
            "totalFeedConsumption": {},
            "rationDetails": {
                "Silase JagungPerDay": 1055.0,
                "RumputPerDay": 112.0,
                "Slobber MixPerDay": 399.32,
                "Ampas TahuPerDay": 382.0,
                "dryMatterIntakePerDay": 165.96
            }
        }
    },
    "mlh65ETFwpD92yKvBsdr": {
        "docId": "None",
        "data": {
            "date": "2025-04-04",
            "totalFeedConsumption": {},
            "rationDetails": {
                "Silase JagungPerDay": 1898.5,
                "RumputPerDay": 191.5,
                "Slobber MixPerDay": 744.23,
                "Ampas TahuPerDay": 761.5,
                "dryMatterIntakePerDay": 165.96
            }
        }
    },
    "oVKwr8tZ5QaBWpd4T6xg": {
        "docId": "None",
        "data": {
            "date": "2025-03-21",
            "totalFeedConsumption": {},
            "rationDetails": {
                "Silase JagungPerDay": 1792.5,
                "RumputPerDay": 112.0,
                "Slobber MixPerDay": 744.23,
                "Ampas TahuPerDay": 761.5,
                "dryMatterIntakePerDay": 165.96
            }
        }
    },
    "p99czSGVlRuypfmnm7ws": {
        "docId": "None",
        "data": {
            "date": "2025-02-16",
            "totalFeedConsumption": {},
            "rationDetails": {
                "Silase JagungPerDay": 342.0,
                "RumputPerDay": 112.0,
                "dryMatterIntakePerDay": 165.96
            }
        }
    },
    "pNDMawiw0FfBT3QEUWo7": {
        "date": "2025-04-18",
        "totalFeedConsumption": {
            "TotalDryMatterIntake_Total": 11771.33,
            "total_dry_matter_intake_Total": 34311.25,
            "Rumput_Total": 3782.0,
            "Konsentrat_Total": 21996.7,
            "Silase Jagung_Total": 29954.53,
            "Ampas Tahu_Total": 33654.09,
            "Mollases_Total": 316.12,
            "Slobber Mix_Total": 50930.71,
            "FML_Total": 1113.56,
            "Garam_Total": 191.26,
            "Premix_Total": 90.69
        },
        "rationDetails": {
            "dryMatterIntakePerDay": 225.54
        }
    },
    "qqfeBcNeUvbbHfwxLYga": {
        "date": "2025-04-17",
        "totalFeedConsumption": {
            "TotalDryMatterIntake_Total": 11771.33,
            "total_dry_matter_intake_Total": 34311.25,
            "Rumput_Total": 3782.0,
            "Konsentrat_Total": 21996.7,
            "Silase Jagung_Total": 29954.53,
            "Ampas Tahu_Total": 33654.09,
            "Mollases_Total": 316.12,
            "Slobber Mix_Total": 50930.71,
            "FML_Total": 1113.56,
            "Garam_Total": 191.26,
            "Premix_Total": 90.69
        },
        "rationDetails": {
            "dryMatterIntakePerDay": 225.54
        }
    },
    "rAkhS2kXqQ0TOWp06N2T": {
        "date": "2025-01-04",
        "totalFeedConsumption": {
            "Corn Silage 30 - 70 Slobber Mix_Total": -110.0,
            "total_dry_matter_intake_Total": 8155.49,
            "Konsentrat_Total": 5041.05,
            "Silase Jagung_Total": 13321.95,
            "Ampas Tahu_Total": 7650.08,
            "Mollases_Total": 83.64,
            "Slobber Mix_Total": 16452.68,
            "FML_Total": 248.66,
            "Garam_Total": 41.96,
            "Premix_Total": 20.73
        },
        "rationDetails": {
            "dryMatterIntakePerDay": 146.49
        }
    },
    "u2TGysaQxse1GF645UqH": {
        "docId": "None",
        "data": {
            "date": "2025-05-14",
            "totalFeedConsumption": {},
            "rationDetails": {
                "Silase JagungPerDay": 705.0,
                "RumputPerDay": 565.5,
                "Slobber MixPerDay": 112.7,
                "Ampas TahuPerDay": 308.0,
                "dryMatterIntakePerDay": 225.54
            }
        }
    },
    "ufbw8KOELEYiAdWqanl7": {
        "docId": "None",
        "data": {
            "date": "2025-03-05",
            "totalFeedConsumption": {},
            "rationDetails": {
                "Silase JagungPerDay": 1259.0,
                "RumputPerDay": 112.0,
                "Slobber MixPerDay": 484.32,
                "Ampas TahuPerDay": 492.0,
                "dryMatterIntakePerDay": 165.96
            }
        }
    },
    "vfXguELYeQohP9dJLx5h": {
        "date": "2025-01-04",
        "totalFeedConsumption": {
            "TotalDryMatterIntake_Total": 11771.33,
            "Corn Silage 30 - 70 Slobber Mix_Total": -100.0,
            "Konsentrat_Total": 8723.92,
            "Silase Jagung_Total": 15190.15,
            "Ampas Tahu_Total": 13164.64,
            "Mollases_Total": 144.91,
            "Slobber Mix_Total": 22355.48,
            "FML_Total": 432.65,
            "Garam_Total": 73.84,
            "Premix_Total": 36.12
        },
        "rationDetails": {
            "dryMatterIntakePerDay": 146.49
        }
    },
    "w9aU5pbKtJTiefvD3ipk": {
        "docId": "None",
        "data": {
            "date": "2024-12-09",
            "totalFeedConsumption": {},
            "rationDetails": {
                "Silase JagungPerDay": 512.71,
                "dryMatterIntakePerDay": 64.11
            }
        }
    },
    "wacm8tbR1pFJXSNbr29F": {
        "date": "2025-01-04",
        "totalFeedConsumption": {
            "Corn Silage 30 - 70 Slobber Mix_Total": -110.0,
            "total_dry_matter_intake_Total": 8155.49,
            "Konsentrat_Total": 5041.05,
            "Silase Jagung_Total": 13321.95,
            "Ampas Tahu_Total": 7650.08,
            "Mollases_Total": 83.64,
            "Slobber Mix_Total": 16452.68,
            "FML_Total": 248.66,
            "Garam_Total": 41.96,
            "Premix_Total": 20.73
        },
        "rationDetails": {
            "dryMatterIntakePerDay": 146.49
        }
    },
    "wuEh14kOLOGh01Cn32JJ": {
        "docId": "None",
        "data": {
            "date": "2025-05-24",
            "totalFeedConsumption": {},
            "rationDetails": {
                "Silase JagungPerDay": 705.0,
                "RumputPerDay": 1037.0,
                "Slobber MixPerDay": 128.7,
                "Ampas TahuPerDay": 398.0,
                "dryMatterIntakePerDay": 225.54
            }
        }
    },
    "xw0XKbpklZIK4HP9uz9q": {
        "docId": "None",
        "data": {
            "date": "2025-04-27",
            "totalFeedConsumption": {},
            "rationDetails": {
                "Silase JagungPerDay": 615.0,
                "RumputPerDay": 417.5,
                "dryMatterIntakePerDay": 225.54
            }
        }
    }
}